tr_build_id,gh_diff_src_churn,gh_team_size,gh_diff_files_modified,gh_diff_test_churn,tr_status
30285183.0,2439.0,50.0,37.0,496.0,1
128247645.0,1266.0,53.0,9.0,307.0,1
85311697.0,0.0,55.0,1.0,0.0,1
83996469.0,0.0,55.0,1.0,0.0,0
21412403.0,2864.0,50.0,7.0,1070.0,0
85731015.0,62.0,55.0,1.0,76.0,1
26831521.0,0.0,54.0,1.0,0.0,1
61210454.0,0.0,43.0,1.0,0.0,1
63492997.0,25.0,45.0,3.0,18.0,1
52365586.0,0.0,50.0,1.0,0.0,1
62562228.0,74.0,43.0,2.0,112.0,0
30155851.0,0.0,50.0,1.0,7.0,0
83449048.0,0.0,54.0,2.0,0.0,1
21052247.0,0.0,49.0,0.0,0.0,0
21116279.0,0.0,49.0,1.0,0.0,0
48320294.0,12.0,51.0,1.0,0.0,0
13081436.0,0.0,54.0,1.0,2.0,1
31697613.0,194.0,49.0,19.0,302.0,0
155703956.0,0.0,51.0,1.0,0.0,0
47516198.0,40.0,52.0,5.0,46.0,0
58260502.0,0.0,46.0,2.0,0.0,1
30952924.0,0.0,49.0,5.0,0.0,1
77198458.0,389.0,51.0,10.0,100.0,1
44940275.0,2.0,49.0,1.0,0.0,0
112186635.0,0.0,61.0,1.0,0.0,0
21428565.0,127.0,50.0,11.0,97.0,0
27761262.0,0.0,52.0,1.0,0.0,1
36925498.0,4.0,50.0,1.0,46.0,1
28568628.0,0.0,48.0,1.0,2.0,1
150002821.0,32.0,52.0,4.0,0.0,0
56966786.0,0.0,47.0,4.0,0.0,0
21180715.0,206.0,50.0,14.0,0.0,0
38415447.0,56.0,45.0,2.0,21.0,0
36542919.0,0.0,50.0,1.0,18.0,0
155571670.0,0.0,51.0,1.0,0.0,1
38419597.0,15.0,45.0,3.0,99.0,1
34357606.0,49.0,47.0,3.0,0.0,1
23326795.0,0.0,53.0,0.0,0.0,1
40975120.0,0.0,48.0,1.0,0.0,0
112740423.0,2.0,61.0,2.0,0.0,0
42370392.0,0.0,50.0,2.0,19.0,0
59309873.0,1324.0,45.0,25.0,579.0,0
87865822.0,218.0,57.0,5.0,0.0,1
73639310.0,0.0,50.0,1.0,0.0,0
88610670.0,0.0,57.0,29.0,0.0,1
22963312.0,1295.0,53.0,22.0,339.0,1
26060610.0,97.0,55.0,3.0,145.0,1
35471388.0,4.0,49.0,1.0,0.0,1
106154507.0,4.0,63.0,2.0,14.0,1
37091254.0,4.0,49.0,1.0,46.0,0
106521914.0,12.0,62.0,1.0,0.0,1
69952472.0,732.0,49.0,10.0,14.0,0
19795179.0,73.0,39.0,3.0,120.0,0
47620362.0,0.0,52.0,1.0,0.0,0
11905554.0,0.0,53.0,1.0,0.0,0
12163510.0,0.0,54.0,1.0,5.0,0
59599476.0,0.0,45.0,1.0,0.0,1
51782915.0,2.0,51.0,2.0,8.0,0
47339129.0,8.0,51.0,4.0,54.0,0
49922626.0,0.0,51.0,1.0,0.0,1
122372597.0,0.0,60.0,1.0,0.0,1
12488718.0,0.0,54.0,2.0,0.0,0
147965911.0,548.0,53.0,16.0,231.0,0
12929679.0,0.0,54.0,1.0,0.0,1
131831432.0,64.0,53.0,3.0,119.0,1
50169419.0,0.0,51.0,1.0,0.0,0
58942062.0,43.0,46.0,1.0,89.0,1
57315421.0,0.0,47.0,2.0,64.0,1
40649362.0,551.0,48.0,7.0,139.0,0
47897720.0,5.0,51.0,2.0,40.0,0
132746719.0,0.0,52.0,6.0,0.0,1
109785534.0,4.0,61.0,1.0,0.0,0
118539568.0,0.0,61.0,1.0,0.0,1
14149432.0,0.0,55.0,1.0,0.0,0
47339247.0,4.0,51.0,3.0,40.0,0
13798914.0,0.0,55.0,1.0,0.0,1
94880965.0,30.0,60.0,3.0,0.0,0
48234568.0,163.0,51.0,3.0,28.0,0
42437611.0,2.0,50.0,1.0,0.0,0
99401155.0,0.0,60.0,1.0,0.0,1
26134487.0,982.0,55.0,21.0,592.0,0
80926693.0,6.0,49.0,2.0,15.0,1
59411914.0,34.0,45.0,1.0,100.0,0
26241123.0,0.0,53.0,6.0,0.0,1
13076963.0,134.0,54.0,1.0,83.0,1
29339395.0,0.0,48.0,1.0,0.0,0
150677337.0,57.0,52.0,5.0,191.0,1
55765570.0,52.0,48.0,2.0,83.0,0
149725532.0,105.0,52.0,5.0,0.0,1
111651871.0,124.0,61.0,5.0,97.0,0
44189489.0,0.0,50.0,1.0,0.0,0
46814454.0,0.0,51.0,2.0,25.0,0
50167195.0,245.0,51.0,14.0,225.0,1
146603882.0,0.0,53.0,1.0,0.0,0
153494486.0,58.0,52.0,2.0,139.0,1
59064782.0,0.0,46.0,4.0,154.0,1
32703746.0,29.0,48.0,2.0,0.0,1
49493183.0,0.0,51.0,1.0,0.0,1
85123979.0,0.0,55.0,1.0,0.0,1
12405369.0,0.0,53.0,3.0,10.0,1
153486765.0,0.0,52.0,1.0,0.0,1
34166462.0,38.0,47.0,1.0,0.0,0
13806653.0,31.0,55.0,3.0,0.0,0
36843468.0,1004.0,50.0,5.0,58.0,1
119774285.0,0.0,62.0,1.0,0.0,1
62166794.0,0.0,43.0,1.0,6.0,0
111248647.0,0.0,61.0,1.0,0.0,0
28001955.0,0.0,52.0,1.0,0.0,1
36858196.0,14.0,50.0,2.0,4.0,1
96521133.0,185.0,61.0,13.0,37.0,1
29502358.0,553.0,48.0,4.0,398.0,0
137383345.0,128.0,51.0,2.0,52.0,1
81423715.0,0.0,49.0,1.0,0.0,1
49325511.0,0.0,51.0,1.0,0.0,0
107785884.0,19.0,62.0,2.0,40.0,1
155585602.0,0.0,51.0,10.0,0.0,1
27680219.0,0.0,52.0,1.0,0.0,1
118174899.0,0.0,61.0,1.0,0.0,0
48735925.0,0.0,52.0,2.0,13.0,1
36026333.0,26.0,50.0,2.0,84.0,1
14596733.0,0.0,56.0,1.0,0.0,1
57311251.0,0.0,47.0,1.0,2.0,1
29931870.0,0.0,49.0,1.0,0.0,0
140033099.0,0.0,54.0,1.0,0.0,1
61899930.0,0.0,44.0,1.0,0.0,1
147814649.0,8023.0,53.0,2.0,1009.0,1
17878787.0,0.0,45.0,1.0,0.0,0
63211536.0,37.0,45.0,1.0,84.0,0
96692398.0,1151.0,62.0,8.0,726.0,1
62286954.0,0.0,44.0,1.0,0.0,1
68496520.0,48.0,49.0,4.0,0.0,0
25024275.0,0.0,55.0,1.0,0.0,1
61058876.0,0.0,44.0,1.0,0.0,1
85884275.0,0.0,55.0,1.0,0.0,1
17053913.0,6.0,49.0,2.0,2.0,0
19128240.0,0.0,38.0,1.0,0.0,0
33301699.0,0.0,48.0,2.0,49.0,0
94601502.0,0.0,60.0,1.0,2.0,1
143049631.0,492.0,55.0,10.0,146.0,0
73945022.0,0.0,50.0,3.0,0.0,1
85381137.0,0.0,55.0,1.0,0.0,1
54319815.0,0.0,49.0,4.0,0.0,0
47511147.0,40.0,52.0,5.0,46.0,0
51132747.0,0.0,51.0,2.0,0.0,1
57940320.0,349.0,47.0,2.0,23.0,1
13889314.0,0.0,55.0,1.0,1.0,1
48127165.0,0.0,51.0,3.0,0.0,0
47782593.0,0.0,51.0,2.0,0.0,0
64262331.0,11.0,44.0,1.0,0.0,0
43840240.0,10.0,52.0,4.0,30.0,0
12830961.0,4.0,54.0,3.0,0.0,0
88290769.0,1394.0,58.0,10.0,291.0,1
36003039.0,0.0,50.0,1.0,0.0,0
24322748.0,0.0,55.0,1.0,0.0,1
73048725.0,2.0,50.0,3.0,0.0,1
40899086.0,42.0,48.0,1.0,68.0,0
13369226.0,1.0,53.0,4.0,0.0,1
85884045.0,0.0,55.0,1.0,0.0,0
61304399.0,2.0,43.0,2.0,31.0,1
47168602.0,4.0,51.0,2.0,112.0,0
45732683.0,2.0,50.0,1.0,0.0,0
77451153.0,0.0,51.0,1.0,0.0,1
64723349.0,14.0,46.0,4.0,49.0,1
95414259.0,39.0,61.0,3.0,0.0,1
70920393.0,0.0,49.0,1.0,0.0,1
131330044.0,0.0,53.0,1.0,0.0,1
88999708.0,24.0,58.0,3.0,4.0,1
121817593.0,2.0,61.0,1.0,0.0,1
121026203.0,0.0,62.0,1.0,0.0,1
97944943.0,4.0,65.0,1.0,185.0,1
123970206.0,9.0,58.0,4.0,80.0,1
111545818.0,516.0,61.0,9.0,44.0,0
52610553.0,0.0,49.0,1.0,0.0,0
28299260.0,2120.0,49.0,16.0,335.0,0
65685493.0,0.0,47.0,1.0,0.0,1
69834505.0,0.0,49.0,8.0,0.0,1
109027427.0,816.0,61.0,2.0,0.0,1
83992508.0,0.0,55.0,1.0,0.0,1
20917016.0,3153.0,48.0,19.0,774.0,0
156401277.0,0.0,50.0,8.0,0.0,1
83379182.0,0.0,54.0,2.0,0.0,1
32743136.0,107.0,48.0,2.0,0.0,0
13810431.0,12.0,55.0,2.0,0.0,0
48331690.0,169.0,51.0,1.0,0.0,0
15269765.0,2.0,52.0,1.0,0.0,0
117185452.0,0.0,63.0,1.0,0.0,0
94779253.0,0.0,60.0,1.0,8.0,1
42253702.0,0.0,49.0,7.0,0.0,0
69952657.0,13.0,49.0,1.0,0.0,1
142750505.0,0.0,55.0,1.0,0.0,1
21218254.0,780.0,50.0,17.0,0.0,0
107098458.0,1187.0,63.0,4.0,187.0,1
119168398.0,0.0,61.0,1.0,0.0,1
63224725.0,2.0,45.0,1.0,0.0,1
149378367.0,0.0,52.0,1.0,16.0,0
42150956.0,0.0,48.0,13.0,0.0,0
30971758.0,5.0,49.0,2.0,30.0,0
62282523.0,0.0,44.0,1.0,7.0,1
146163315.0,2.0,53.0,2.0,21.0,1
39808940.0,2.0,47.0,2.0,21.0,0
46745817.0,329.0,50.0,6.0,88.0,0
75805351.0,21.0,51.0,2.0,35.0,1
45267710.0,1.0,50.0,2.0,25.0,0
77270447.0,0.0,51.0,1.0,0.0,1
56074311.0,0.0,47.0,6.0,0.0,0
13993526.0,0.0,55.0,29.0,0.0,1
61769924.0,197.0,44.0,7.0,23.0,0
78615466.0,0.0,48.0,1.0,0.0,1
48424644.0,0.0,51.0,1.0,9.0,0
17254498.0,7.0,48.0,3.0,12.0,0
38573126.0,7004.0,46.0,183.0,1853.0,1
90909406.0,304.0,58.0,12.0,107.0,1
17115083.0,62.0,49.0,1.0,0.0,0
77735972.0,2.0,50.0,1.0,0.0,1
68397745.0,0.0,49.0,1.0,0.0,0
34490612.0,1.0,46.0,3.0,0.0,1
23194158.0,10.0,53.0,2.0,63.0,1
16990436.0,2238.0,49.0,2.0,6.0,0
64445705.0,3060.0,44.0,11.0,489.0,0
120004949.0,2.0,62.0,1.0,0.0,1
47346917.0,123.0,51.0,3.0,88.0,0
34475833.0,2847.0,46.0,0.0,138.0,1
124618113.0,0.0,58.0,3.0,0.0,1
77116439.0,0.0,51.0,1.0,0.0,1
97841159.0,23.0,65.0,3.0,71.0,1
146726306.0,0.0,53.0,1.0,0.0,1
99397980.0,0.0,60.0,1.0,0.0,0
59630231.0,0.0,45.0,9.0,0.0,0
35549616.0,101.0,50.0,5.0,49.0,0
39753970.0,342.0,47.0,1.0,0.0,0
50409022.0,0.0,51.0,1.0,0.0,0
12736238.0,123.0,54.0,11.0,30.0,1
16709859.0,0.0,52.0,1.0,0.0,0
31599740.0,3.0,49.0,2.0,50.0,1
83452517.0,0.0,54.0,1.0,0.0,1
28040308.0,29.0,52.0,3.0,62.0,0
62202790.0,4.0,44.0,2.0,8.0,1
110042316.0,44.0,61.0,1.0,105.0,0
69204104.0,1.0,49.0,1.0,0.0,1
73376993.0,0.0,50.0,1.0,0.0,1
47409654.0,0.0,51.0,1.0,2.0,0
18517119.0,28.0,42.0,5.0,0.0,0
65234151.0,26.0,47.0,3.0,19.0,0
41981786.0,28.0,48.0,2.0,11.0,0
37582377.0,0.0,49.0,1.0,0.0,1
17277130.0,0.0,48.0,1.0,0.0,0
145279451.0,24.0,55.0,2.0,128.0,0
67309862.0,5.0,48.0,1.0,0.0,0
46835493.0,0.0,51.0,1.0,8.0,0
51292378.0,0.0,51.0,1.0,0.0,0
13240992.0,0.0,53.0,1.0,0.0,1
15368882.0,0.0,52.0,1.0,0.0,0
67796191.0,0.0,49.0,1.0,0.0,1
149067916.0,0.0,52.0,1.0,0.0,1
61390063.0,0.0,43.0,1.0,0.0,1
149909982.0,33.0,52.0,4.0,1.0,1
142154401.0,236.0,54.0,11.0,108.0,1
121574308.0,0.0,61.0,1.0,0.0,0
78145252.0,98.0,49.0,1.0,0.0,1
67304824.0,39.0,48.0,4.0,13.0,0
72142647.0,14.0,48.0,1.0,0.0,1
80589253.0,30.0,49.0,1.0,0.0,1
47523033.0,6281.0,52.0,113.0,1739.0,0
57715928.0,32.0,47.0,4.0,54.0,1
81625482.0,6.0,49.0,2.0,15.0,1
30047510.0,6.0,49.0,1.0,107.0,1
75805015.0,8.0,51.0,2.0,149.0,0
124114988.0,9.0,58.0,4.0,80.0,1
34497485.0,0.0,46.0,1.0,0.0,0
38625531.0,92.0,46.0,6.0,51.0,1
34476498.0,16.0,46.0,2.0,48.0,0
61984914.0,86.0,44.0,4.0,0.0,1
20058878.0,9.0,44.0,1.0,0.0,0
27182406.0,1.0,54.0,1.0,0.0,0
119858532.0,2.0,62.0,1.0,0.0,1
94688784.0,12.0,60.0,1.0,0.0,1
44303564.0,4.0,49.0,1.0,0.0,0
46489806.0,1148.0,49.0,1.0,0.0,0
85699645.0,26.0,55.0,1.0,0.0,0
156184304.0,0.0,50.0,1.0,0.0,1
30050539.0,93.0,49.0,4.0,636.0,0
19319822.0,0.0,39.0,1.0,0.0,0
20821566.0,2.0,48.0,1.0,0.0,0
51643174.0,71.0,51.0,3.0,48.0,1
25023542.0,2191.0,55.0,17.0,913.0,1
148206562.0,0.0,52.0,3.0,20.0,1
150004861.0,32.0,52.0,4.0,0.0,1
38348391.0,4.0,45.0,1.0,0.0,0
32761103.0,107.0,48.0,2.0,0.0,0
104999662.0,2.0,62.0,1.0,0.0,1
32819069.0,114.0,48.0,2.0,0.0,0
51114372.0,44.0,51.0,2.0,0.0,1
14592580.0,0.0,56.0,1.0,0.0,0
44809771.0,5.0,49.0,2.0,16.0,0
51958060.0,12.0,51.0,3.0,257.0,0
51722148.0,437.0,51.0,10.0,136.0,0
62794442.0,27.0,45.0,3.0,2.0,0
65357106.0,0.0,47.0,8.0,0.0,1
31894052.0,23.0,49.0,9.0,71.0,0
12645160.0,48.0,54.0,3.0,11.0,1
90283086.0,129.0,57.0,3.0,0.0,1
12160818.0,0.0,54.0,1.0,26.0,0
73089957.0,6.0,50.0,2.0,297.0,1
81347724.0,0.0,48.0,3.0,0.0,1
113557765.0,6.0,62.0,4.0,31.0,0
75461382.0,0.0,51.0,1.0,0.0,1
122206237.0,0.0,61.0,1.0,0.0,1
29013471.0,0.0,48.0,1.0,2.0,1
114523562.0,3.0,62.0,2.0,53.0,0
106340418.0,0.0,63.0,4.0,0.0,1
49930946.0,0.0,51.0,1.0,0.0,1
35549597.0,2.0,50.0,2.0,19.0,0
59471644.0,0.0,45.0,9.0,0.0,0
47091990.0,2490.0,51.0,51.0,1052.0,0
93339215.0,23.0,61.0,6.0,0.0,1
45465335.0,23.0,50.0,6.0,127.0,0
26992016.0,0.0,54.0,46.0,0.0,1
145426122.0,99.0,55.0,3.0,65.0,1
139910454.0,0.0,54.0,1.0,0.0,1
97960068.0,0.0,65.0,1.0,0.0,1
89188409.0,24.0,58.0,3.0,4.0,1
41698021.0,0.0,48.0,1.0,0.0,0
12906930.0,2.0,54.0,4.0,0.0,1
67432393.0,15.0,48.0,4.0,61.0,1
61641955.0,0.0,44.0,1.0,0.0,1
12863623.0,0.0,54.0,1.0,0.0,1
58135766.0,0.0,46.0,1.0,6.0,1
25065851.0,44.0,55.0,1.0,0.0,0
20460642.0,177.0,47.0,2.0,72.0,0
46825828.0,91.0,51.0,2.0,55.0,0
32825630.0,52.0,48.0,1.0,0.0,1
13680527.0,0.0,54.0,1.0,0.0,1
11939345.0,397.0,53.0,12.0,21.0,0
65208297.0,607.0,47.0,17.0,119.0,1
122765613.0,0.0,59.0,1.0,0.0,1
53014495.0,0.0,49.0,1.0,0.0,0
83448601.0,0.0,54.0,1.0,0.0,1
64625243.0,0.0,45.0,3.0,15.0,1
109606916.0,2.0,61.0,2.0,5.0,1
78485824.0,0.0,48.0,1.0,0.0,1
110045902.0,65.0,61.0,2.0,206.0,0
12000630.0,0.0,53.0,1.0,0.0,0
150193126.0,0.0,52.0,1.0,0.0,1
43634593.0,9.0,52.0,2.0,20.0,0
13947541.0,16.0,55.0,6.0,0.0,1
11970184.0,200.0,53.0,2.0,23.0,0
38419009.0,79.0,45.0,4.0,64.0,1
120402775.0,24.0,62.0,2.0,58.0,0
16307425.0,51.0,51.0,3.0,26.0,0
132364737.0,0.0,51.0,6.0,0.0,1
35340976.0,0.0,49.0,1.0,0.0,0
35500011.0,8.0,50.0,1.0,0.0,0
36164044.0,15.0,50.0,1.0,0.0,0
35739361.0,178.0,50.0,41.0,438.0,0
91110720.0,104.0,60.0,2.0,18.0,1
29844012.0,44.0,49.0,6.0,0.0,1
51064850.0,44.0,51.0,3.0,23.0,1
118148895.0,0.0,61.0,4.0,0.0,0
124599118.0,22.0,58.0,6.0,23.0,0
148231176.0,0.0,52.0,3.0,20.0,1
16511125.0,0.0,51.0,1.0,51.0,0
47726647.0,0.0,52.0,3.0,0.0,0
17537694.0,12.0,46.0,4.0,8.0,0
61673422.0,1.0,44.0,2.0,25.0,1
38418891.0,132.0,45.0,10.0,18.0,1
87994872.0,75.0,58.0,2.0,79.0,1
40888743.0,4116.0,48.0,37.0,740.0,0
12452015.0,73.0,54.0,2.0,49.0,0
42016341.0,2.0,48.0,1.0,0.0,0
32716368.0,0.0,48.0,1.0,0.0,1
16888703.0,6.0,50.0,1.0,0.0,0
45037148.0,0.0,49.0,1.0,0.0,0
49443373.0,526.0,51.0,4.0,109.0,1
139414683.0,0.0,54.0,1.0,0.0,1
108053455.0,18.0,62.0,3.0,43.0,1
35316328.0,0.0,48.0,1.0,0.0,1
57614848.0,2.0,47.0,1.0,0.0,1
88108478.0,0.0,58.0,1.0,0.0,1
102637419.0,0.0,62.0,1.0,0.0,1
22613424.0,0.0,54.0,3.0,0.0,0
67674000.0,0.0,48.0,1.0,0.0,1
27911897.0,56.0,52.0,4.0,91.0,0
12310844.0,0.0,54.0,2.0,4.0,0
11909050.0,0.0,53.0,2.0,31.0,0
151950873.0,33.0,52.0,3.0,38.0,0
147723484.0,0.0,53.0,1.0,7.0,1
126458740.0,28.0,58.0,3.0,38.0,1
26793060.0,51.0,54.0,2.0,1.0,0
101816534.0,1596.0,60.0,33.0,640.0,1
102197417.0,113.0,61.0,4.0,147.0,1
105881609.0,43.0,63.0,2.0,0.0,1
45531864.0,0.0,50.0,1.0,0.0,0
73877337.0,0.0,50.0,1.0,0.0,1
19712798.0,12.0,37.0,1.0,38.0,0
44069300.0,0.0,50.0,1.0,0.0,0
19139719.0,2.0,38.0,1.0,0.0,0
51570057.0,48.0,51.0,169.0,0.0,0
69052174.0,2210.0,49.0,9.0,519.0,1
98131468.0,57.0,65.0,4.0,704.0,1
97556943.0,29.0,64.0,3.0,0.0,1
88311881.0,143.0,58.0,7.0,33.0,1
17657154.0,4.0,46.0,2.0,19.0,0
74022940.0,0.0,50.0,2.0,82.0,1
14865869.0,50.0,55.0,5.0,9.0,1
66317493.0,0.0,48.0,1.0,1.0,1
23035873.0,0.0,53.0,4.0,74.0,1
133332743.0,69.0,52.0,1.0,60.0,1
47495570.0,2.0,52.0,1.0,0.0,0
102544750.0,3.0,62.0,1.0,0.0,1
71950011.0,14.0,49.0,1.0,23.0,1
60084401.0,13.0,45.0,1.0,0.0,0
12509899.0,0.0,54.0,0.0,0.0,1
140075089.0,8.0,54.0,2.0,221.0,1
12920361.0,5604.0,54.0,127.0,1750.0,0
78451403.0,16.0,48.0,2.0,0.0,1
83146419.0,805.0,54.0,12.0,340.0,1
147724321.0,324.0,53.0,3.0,62.0,1
85849314.0,1143.0,55.0,29.0,558.0,1
38137900.0,26.0,46.0,2.0,20.0,1
63017513.0,0.0,45.0,2.0,0.0,0
40645959.0,0.0,48.0,1.0,0.0,0
18665320.0,2.0,42.0,2.0,5.0,0
49863254.0,0.0,51.0,1.0,0.0,1
122707301.0,0.0,59.0,1.0,2.0,1
86786589.0,73.0,56.0,5.0,0.0,1
131699170.0,8.0,53.0,2.0,39.0,1
135181487.0,8.0,52.0,7.0,90.0,0
99944335.0,95.0,60.0,3.0,74.0,1
61295907.0,37.0,43.0,1.0,67.0,0
30198291.0,471.0,50.0,18.0,389.0,0
72840073.0,0.0,48.0,2.0,0.0,1
30287530.0,819.0,50.0,20.0,532.0,0
109601026.0,1.0,61.0,1.0,0.0,1
20772562.0,0.0,48.0,4.0,0.0,0
35549732.0,0.0,50.0,2.0,0.0,1
25991259.0,2.0,55.0,1.0,0.0,0
40977005.0,0.0,48.0,1.0,0.0,0
25848943.0,3.0,55.0,1.0,81.0,0
18717837.0,2.0,42.0,2.0,5.0,0
84656777.0,21.0,55.0,7.0,22.0,0
80458203.0,4.0,48.0,4.0,36.0,1
44583012.0,131.0,49.0,3.0,69.0,0
19319803.0,0.0,39.0,1.0,0.0,0
52106481.0,0.0,51.0,3.0,0.0,1
135905072.0,0.0,53.0,1.0,0.0,1
16985813.0,12.0,49.0,1.0,0.0,0
57603124.0,417.0,47.0,3.0,0.0,1
31715025.0,148.0,49.0,1.0,91.0,1
28745519.0,0.0,48.0,1.0,2.0,1
31875074.0,50.0,49.0,2.0,0.0,1
141197538.0,2.0,54.0,1.0,0.0,1
79256469.0,0.0,48.0,1.0,0.0,1
36370307.0,2.0,50.0,1.0,0.0,0
14975082.0,16.0,55.0,5.0,267.0,0
98423114.0,2.0,64.0,1.0,0.0,1
94918295.0,3.0,60.0,2.0,2.0,1
38160326.0,0.0,46.0,1.0,0.0,1
140947589.0,108.0,54.0,4.0,9.0,1
63219296.0,2.0,45.0,2.0,51.0,1
140787474.0,11.0,54.0,5.0,16.0,1
49923166.0,0.0,51.0,1.0,0.0,1
34427322.0,34.0,47.0,22.0,10.0,1
14318587.0,79.0,55.0,4.0,40.0,1
126776923.0,36.0,58.0,161.0,0.0,0
19316426.0,0.0,39.0,1.0,0.0,0
60897084.0,22.0,45.0,5.0,0.0,0
23944510.0,21.0,54.0,1.0,0.0,0
14145814.0,7.0,55.0,2.0,5.0,0
31434089.0,148.0,49.0,1.0,91.0,1
35299116.0,71.0,47.0,4.0,59.0,0
28753703.0,0.0,48.0,7.0,0.0,1
62529532.0,38.0,43.0,2.0,58.0,0
86215316.0,0.0,56.0,7.0,188.0,1
34113668.0,525.0,47.0,3.0,2.0,0
47726457.0,0.0,52.0,5.0,0.0,0
79737635.0,0.0,48.0,1.0,0.0,1
50746438.0,0.0,51.0,1.0,0.0,0
17691677.0,174.0,46.0,1.0,0.0,0
35272275.0,71.0,47.0,4.0,59.0,0
71537917.0,6.0,49.0,2.0,11.0,1
34490458.0,1.0,46.0,3.0,0.0,0
26165752.0,20.0,54.0,3.0,0.0,0
30241832.0,0.0,50.0,1.0,7.0,0
141354241.0,2.0,54.0,1.0,0.0,1
74322031.0,2203.0,51.0,18.0,679.0,1
28551787.0,88.0,48.0,3.0,86.0,1
40085834.0,51.0,47.0,2.0,69.0,0
87444328.0,0.0,57.0,15.0,0.0,1
139133075.0,9.0,54.0,2.0,48.0,1
35345036.0,16.0,49.0,1.0,0.0,0
63574851.0,689.0,45.0,6.0,134.0,0
12059404.0,18.0,53.0,2.0,34.0,0
93400385.0,242.0,61.0,8.0,309.0,1
77187284.0,0.0,51.0,1.0,0.0,1
41697917.0,48.0,48.0,7.0,19.0,0
151008706.0,0.0,52.0,6.0,0.0,1
27406765.0,48.0,53.0,2.0,116.0,1
103966655.0,0.0,63.0,1.0,0.0,1
149531300.0,459.0,52.0,13.0,0.0,1
119585702.0,0.0,62.0,3.0,30.0,1
79993569.0,0.0,48.0,1.0,0.0,1
83378690.0,187.0,54.0,3.0,114.0,1
146060272.0,0.0,53.0,2.0,4.0,1
124113100.0,0.0,58.0,1.0,0.0,1
19745148.0,120.0,38.0,2.0,69.0,0
35922211.0,178.0,50.0,41.0,438.0,0
39067677.0,48.0,46.0,2.0,30.0,1
62376625.0,0.0,43.0,1.0,0.0,1
74861049.0,1076.0,51.0,20.0,756.0,1
66951850.0,3.0,48.0,2.0,0.0,1
77023678.0,440.0,51.0,1.0,0.0,1
34254793.0,0.0,47.0,5.0,0.0,0
104237001.0,8.0,63.0,81.0,0.0,1
33074106.0,30.0,48.0,162.0,0.0,0
33904966.0,11.0,47.0,4.0,71.0,0
49343485.0,0.0,51.0,1.0,0.0,0
12094010.0,0.0,53.0,4.0,0.0,0
31879566.0,21.0,49.0,1.0,0.0,0
92112872.0,0.0,60.0,1.0,0.0,1
17402312.0,0.0,47.0,2.0,6.0,0
95086182.0,185.0,60.0,13.0,37.0,1
90261264.0,50.0,57.0,10.0,48.0,0
53895939.0,10.0,49.0,2.0,36.0,0
88014417.0,75.0,58.0,2.0,79.0,0
33304123.0,46.0,48.0,3.0,30.0,0
35539580.0,3.0,50.0,1.0,0.0,1
39602243.0,2.0,47.0,1.0,0.0,0
67555117.0,1051.0,48.0,16.0,443.0,1
49473558.0,0.0,51.0,2.0,0.0,1
18278054.0,20.0,43.0,2.0,0.0,0
91871912.0,95.0,60.0,4.0,24.0,1
66756304.0,0.0,48.0,2.0,6.0,1
139069947.0,2.0,54.0,1.0,0.0,1
88087486.0,0.0,58.0,1.0,0.0,0
56464116.0,44.0,47.0,46.0,0.0,0
109029988.0,2144.0,61.0,2.0,0.0,1
107276813.0,1187.0,63.0,4.0,187.0,1
21247972.0,0.0,50.0,4.0,0.0,0
55105072.0,0.0,48.0,2.0,0.0,0
27179274.0,33.0,54.0,10.0,0.0,0
122875631.0,0.0,59.0,1.0,0.0,1
151948960.0,6.0,52.0,1.0,78.0,1
14092972.0,0.0,55.0,1.0,0.0,1
127624836.0,28.0,58.0,3.0,38.0,1
61265080.0,0.0,43.0,1.0,0.0,1
69409174.0,102.0,49.0,10.0,263.0,1
30310218.0,819.0,50.0,20.0,528.0,1
151024037.0,0.0,52.0,1.0,0.0,0
41694045.0,0.0,48.0,1.0,0.0,0
13993210.0,0.0,55.0,20.0,0.0,1
97550070.0,181.0,64.0,4.0,0.0,1
53388474.0,0.0,49.0,1.0,3.0,0
26374678.0,19.0,54.0,3.0,12.0,1
42715631.0,1293.0,50.0,30.0,291.0,0
112666297.0,0.0,61.0,2.0,7.0,0
19914901.0,1284.0,40.0,7.0,0.0,0
23581960.0,68.0,54.0,2.0,0.0,0
45037119.0,33.0,49.0,2.0,73.0,0
71537911.0,0.0,49.0,1.0,0.0,1
14035074.0,0.0,55.0,2.0,0.0,1
78674843.0,0.0,48.0,1.0,0.0,1
16187187.0,0.0,51.0,3.0,0.0,0
14314774.0,23.0,55.0,4.0,22.0,0
37166774.0,1.0,49.0,1.0,0.0,0
39694003.0,0.0,47.0,1.0,26.0,0
19829170.0,25.0,39.0,2.0,8.0,0
35276222.0,0.0,47.0,1.0,0.0,0
110590222.0,6.0,61.0,2.0,67.0,0
89086986.0,2.0,58.0,1.0,0.0,1
14120705.0,0.0,55.0,1.0,0.0,1
21141919.0,40.0,49.0,24.0,0.0,0
34919288.0,20.0,46.0,2.0,72.0,0
77735011.0,0.0,50.0,1.0,0.0,1
62290988.0,0.0,44.0,1.0,67.0,1
34115614.0,0.0,47.0,1.0,0.0,0
13113145.0,0.0,54.0,1.0,3.0,1
111205059.0,0.0,61.0,1.0,0.0,0
37584810.0,0.0,49.0,2.0,25.0,0
14731636.0,0.0,55.0,0.0,0.0,0
12526291.0,0.0,54.0,12.0,0.0,0
77119617.0,0.0,51.0,1.0,0.0,1
44926474.0,28.0,49.0,3.0,125.0,0
108819943.0,61.0,62.0,1.0,53.0,1
107454629.0,46.0,63.0,2.0,13.0,1
61789071.0,3.0,44.0,2.0,27.0,1
77229042.0,0.0,51.0,2.0,0.0,1
26309260.0,85.0,53.0,5.0,94.0,0
79497335.0,9.0,48.0,1.0,43.0,1
13091564.0,0.0,54.0,1.0,0.0,1
63643973.0,95.0,45.0,5.0,201.0,0
11998744.0,0.0,53.0,1.0,0.0,0
150787151.0,12.0,52.0,1.0,0.0,1
19314448.0,0.0,39.0,1.0,24.0,0
51807677.0,3.0,51.0,3.0,52.0,0
16741769.0,0.0,52.0,1.0,23.0,0
58137702.0,0.0,46.0,1.0,198.0,1
135218256.0,0.0,52.0,1.0,0.0,1
92227212.0,328.0,61.0,12.0,113.0,1
71537994.0,36.0,49.0,11.0,208.0,1
103179727.0,18.0,63.0,4.0,0.0,0
96221590.0,24.0,61.0,1.0,0.0,1
35219626.0,0.0,47.0,1.0,0.0,1
15646663.0,249.0,51.0,6.0,14.0,0
89832760.0,98.0,57.0,49.0,0.0,1
92525005.0,0.0,61.0,1.0,0.0,1
83774370.0,0.0,55.0,1.0,0.0,1
83639790.0,0.0,55.0,1.0,0.0,1
44072059.0,0.0,50.0,1.0,0.0,0
89847008.0,6.0,57.0,1.0,0.0,1
35039655.0,36.0,46.0,2.0,149.0,1
36339030.0,136.0,50.0,9.0,0.0,0
81435265.0,0.0,49.0,1.0,0.0,1
137873826.0,0.0,53.0,2.0,0.0,1
42238898.0,0.0,49.0,191.0,0.0,0
87059773.0,0.0,56.0,0.0,0.0,0
73626036.0,0.0,50.0,1.0,0.0,0
36109977.0,0.0,50.0,1.0,0.0,1
16926917.0,0.0,50.0,9.0,12.0,0
94213617.0,0.0,60.0,1.0,0.0,1
40863422.0,0.0,48.0,1.0,7.0,0
24116144.0,4.0,54.0,1.0,0.0,0
37477949.0,593.0,49.0,15.0,276.0,1
21827873.0,0.0,53.0,1.0,0.0,0
147932950.0,0.0,53.0,1.0,0.0,1
120259181.0,10.0,62.0,2.0,0.0,1
23500010.0,5.0,54.0,1.0,0.0,0
72086566.0,0.0,49.0,1.0,0.0,1
127644674.0,0.0,58.0,1.0,21.0,1
53009890.0,10.0,49.0,2.0,36.0,0
122481704.0,23.0,60.0,2.0,0.0,1
132753253.0,0.0,52.0,1.0,0.0,1
41489209.0,77.0,48.0,3.0,0.0,0
107561436.0,132.0,62.0,2.0,61.0,0
34922662.0,36.0,46.0,2.0,149.0,0
40230585.0,9.0,48.0,2.0,13.0,0
25289880.0,0.0,55.0,6.0,0.0,0
23498931.0,1732.0,54.0,60.0,162.0,1
34185793.0,2.0,47.0,2.0,20.0,0
106694768.0,0.0,63.0,1.0,0.0,1
134002011.0,0.0,53.0,5.0,0.0,1
61052602.0,0.0,44.0,1.0,0.0,1
15189124.0,39.0,52.0,5.0,26.0,0
13359994.0,0.0,53.0,2.0,0.0,1
143409616.0,2.0,55.0,2.0,31.0,1
87467464.0,20.0,57.0,2.0,0.0,1
69952513.0,8.0,49.0,7.0,14.0,1
52610443.0,2.0,49.0,1.0,0.0,0
155579264.0,0.0,51.0,10.0,0.0,1
84891609.0,61.0,55.0,4.0,0.0,1
35206834.0,0.0,47.0,1.0,8.0,1
67273449.0,267.0,48.0,8.0,601.0,0
58136378.0,0.0,46.0,3.0,60.0,0
24211102.0,2.0,55.0,2.0,0.0,1
147778553.0,550.0,53.0,17.0,231.0,1
148198150.0,9956.0,52.0,121.0,2178.0,1
87715326.0,195.0,57.0,38.0,185.0,0
103013313.0,0.0,62.0,1.0,0.0,1
47338871.0,91.0,51.0,2.0,55.0,0
31103211.0,151.0,49.0,4.0,23.0,0
63396934.0,14.0,45.0,2.0,0.0,1
12930510.0,0.0,54.0,1.0,0.0,0
112728437.0,2492.0,61.0,464.0,201.0,0
107781174.0,18.0,62.0,3.0,43.0,1
118546800.0,0.0,61.0,1.0,4.0,1
59605069.0,0.0,45.0,1.0,0.0,1
55533390.0,6.0,48.0,2.0,32.0,0
97984641.0,479.0,65.0,4.0,0.0,0
76841398.0,46.0,51.0,4.0,40.0,1
13121515.0,15.0,54.0,2.0,0.0,1
97282789.0,0.0,63.0,1.0,0.0,1
18804875.0,0.0,41.0,2.0,4.0,0
75803804.0,0.0,51.0,1.0,0.0,1
32867013.0,140.0,48.0,5.0,145.0,0
35550192.0,8.0,50.0,1.0,0.0,0
20541866.0,0.0,47.0,1.0,0.0,0
29610966.0,2.0,48.0,1.0,111.0,0
47778086.0,0.0,51.0,1.0,0.0,0
64068095.0,0.0,44.0,1.0,0.0,0
111657115.0,62.0,61.0,8.0,30.0,0
66985518.0,4.0,48.0,1.0,0.0,1
35231378.0,0.0,47.0,1.0,0.0,0
14827384.0,248.0,55.0,1.0,0.0,0
46170057.0,33.0,49.0,4.0,0.0,0
113312688.0,12.0,61.0,1.0,0.0,0
35611264.0,0.0,50.0,1.0,3.0,1
70235442.0,0.0,49.0,1.0,0.0,1
16718445.0,0.0,52.0,1.0,0.0,1
113306488.0,0.0,61.0,1.0,3.0,0
68333958.0,160.0,49.0,4.0,178.0,1
49460039.0,54.0,51.0,5.0,28.0,1
74562420.0,5.0,52.0,2.0,6.0,1
109034096.0,153.0,61.0,4.0,61.0,1
53686303.0,109.0,49.0,3.0,231.0,1
12463123.0,22.0,54.0,1.0,0.0,0
15483320.0,146.0,51.0,5.0,54.0,0
34417746.0,702.0,47.0,300.0,200.0,1
49071016.0,126.0,51.0,14.0,111.0,1
90537255.0,0.0,57.0,1.0,0.0,1
37200726.0,36.0,49.0,1.0,41.0,1
15162332.0,93.0,52.0,3.0,155.0,0
47295989.0,26.0,51.0,3.0,63.0,0
75180703.0,53.0,51.0,6.0,31.0,0
14932363.0,33.0,55.0,1.0,0.0,1
36987749.0,0.0,50.0,0.0,0.0,0
49469649.0,0.0,51.0,2.0,0.0,0
11939991.0,0.0,53.0,8.0,0.0,0
101238761.0,0.0,60.0,1.0,0.0,1
67957581.0,299.0,49.0,5.0,46.0,1
22606124.0,37.0,54.0,10.0,0.0,0
36967517.0,0.0,50.0,1.0,0.0,1
141573436.0,0.0,54.0,1.0,0.0,1
90327344.0,4.0,57.0,2.0,51.0,1
37162495.0,0.0,49.0,1.0,9.0,1
57474406.0,654.0,47.0,40.0,155.0,0
20784677.0,0.0,48.0,1.0,0.0,0
86830928.0,0.0,56.0,3.0,32.0,1
96259971.0,15.0,61.0,1.0,0.0,1
31544707.0,83.0,49.0,3.0,23.0,1
29902808.0,0.0,49.0,1.0,0.0,1
29609862.0,254.0,48.0,1.0,0.0,0
18516775.0,0.0,42.0,1.0,0.0,0
22894984.0,93.0,53.0,5.0,71.0,0
107557160.0,0.0,62.0,1.0,41.0,1
25209590.0,736.0,55.0,3.0,244.0,0
13906701.0,34.0,55.0,7.0,16.0,1
108757767.0,154.0,62.0,4.0,39.0,0
19966201.0,12.0,41.0,1.0,38.0,0
59586128.0,0.0,45.0,1.0,0.0,1
31352875.0,156.0,49.0,5.0,201.0,0
46814493.0,1148.0,51.0,2.0,929.0,0
40165026.0,36.0,48.0,1.0,93.0,0
152684601.0,78.0,52.0,4.0,54.0,1
23328392.0,3.0,53.0,1.0,0.0,1
14447755.0,181.0,55.0,11.0,198.0,0
71374644.0,0.0,49.0,1.0,0.0,1
38608484.0,75.0,46.0,16.0,75.0,0
15091383.0,505.0,52.0,3.0,0.0,0
49070999.0,115.0,51.0,4.0,12.0,0
12983507.0,0.0,54.0,1.0,0.0,0
29159811.0,0.0,48.0,4.0,32.0,1
85383449.0,0.0,55.0,1.0,0.0,1
13471043.0,0.0,53.0,2.0,0.0,1
52014616.0,837.0,51.0,4.0,401.0,0
96518924.0,6.0,61.0,1.0,0.0,0
149803905.0,1143.0,52.0,0.0,210.0,1
67527490.0,0.0,48.0,1.0,0.0,0
147973937.0,548.0,53.0,16.0,231.0,1
42082034.0,28.0,48.0,2.0,11.0,0
109023375.0,153.0,61.0,4.0,61.0,1
131288642.0,0.0,53.0,1.0,0.0,1
21253744.0,0.0,50.0,4.0,0.0,0
55227813.0,44.0,48.0,2.0,78.0,0
118343690.0,0.0,61.0,1.0,0.0,1
18717791.0,66.0,42.0,4.0,0.0,0
48410690.0,0.0,51.0,1.0,22.0,0
91981033.0,0.0,60.0,1.0,0.0,0
46079202.0,0.0,50.0,1.0,0.0,0
19793221.0,2.0,39.0,1.0,0.0,0
38957042.0,0.0,46.0,1.0,0.0,0
79939568.0,28.0,48.0,172.0,0.0,1
30607758.0,0.0,49.0,1.0,0.0,1
41337391.0,3998.0,48.0,33.0,554.0,0
35285427.0,0.0,47.0,3.0,0.0,0
30823032.0,0.0,49.0,2.0,0.0,1
138521025.0,1794.0,54.0,2.0,666.0,1
37476760.0,0.0,49.0,3.0,0.0,1
16187204.0,4010.0,51.0,3.0,5440.0,1
110101023.0,0.0,61.0,2.0,0.0,0
54917729.0,2.0,48.0,2.0,29.0,0
13213073.0,0.0,54.0,1.0,0.0,0
23568570.0,1723.0,54.0,64.0,432.0,0
37089227.0,2.0,49.0,3.0,114.0,0
150774019.0,120.0,52.0,2.0,143.0,1
17115935.0,990.0,49.0,2.0,6.0,0
97978305.0,181.0,65.0,4.0,0.0,1
43596201.0,41.0,52.0,6.0,54.0,0
14664537.0,1556.0,56.0,2.0,0.0,1
44076720.0,0.0,50.0,1.0,0.0,0
30244697.0,471.0,50.0,18.0,389.0,0
32691932.0,30.0,48.0,2.0,20.0,1
20055469.0,118.0,44.0,2.0,0.0,0
15580537.0,1647.0,51.0,8.0,298.0,0
12528174.0,1.0,54.0,5.0,23.0,1
82230656.0,567.0,51.0,5.0,642.0,1
53732312.0,114.0,49.0,1.0,0.0,0
138574282.0,36.0,54.0,8.0,0.0,0
35579459.0,5.0,50.0,1.0,0.0,0
94932216.0,34.0,60.0,3.0,110.0,1
107995544.0,247.0,62.0,7.0,144.0,1
41723402.0,73.0,48.0,3.0,66.0,0
21008152.0,60.0,48.0,3.0,25.0,0
64683281.0,473.0,45.0,9.0,113.0,1
103494733.0,0.0,63.0,1.0,0.0,1
75566155.0,0.0,51.0,2.0,0.0,1
61901123.0,32.0,44.0,2.0,30.0,1
55538569.0,7.0,48.0,3.0,35.0,0
50576718.0,44.0,51.0,2.0,0.0,1
151019349.0,5.0,52.0,1.0,0.0,1
77712509.0,73.0,50.0,6.0,2.0,1
17289714.0,0.0,48.0,1.0,0.0,0
84207950.0,0.0,55.0,46.0,0.0,1
131839385.0,692.0,53.0,34.0,49.0,1
128256226.0,0.0,57.0,1.0,0.0,1
148923970.0,39.0,52.0,4.0,77.0,1
46727229.0,8.0,50.0,4.0,54.0,0
112652566.0,586.0,61.0,20.0,423.0,0
47900616.0,13.0,51.0,1.0,0.0,0
102485755.0,3483.0,61.0,29.0,1668.0,1
38577443.0,15.0,46.0,3.0,99.0,0
34480388.0,2836.0,46.0,0.0,139.0,0
69867624.0,0.0,49.0,1.0,0.0,1
67835746.0,4.0,49.0,1.0,0.0,1
83650035.0,0.0,55.0,1.0,0.0,1
33917467.0,707.0,47.0,6.0,192.0,0
22778883.0,0.0,53.0,1.0,2.0,0
46794905.0,131.0,51.0,19.0,69.0,0
53571808.0,0.0,49.0,4.0,0.0,0
93338136.0,608.0,61.0,3.0,96.0,1
15440436.0,0.0,52.0,3.0,0.0,0
12487011.0,104.0,54.0,7.0,291.0,1
29877442.0,0.0,49.0,1.0,0.0,1
13728465.0,48.0,54.0,0.0,0.0,1
41936397.0,0.0,48.0,1.0,36.0,0
16738321.0,0.0,52.0,1.0,23.0,0
152764282.0,2.0,52.0,1.0,0.0,1
58402520.0,4.0,46.0,1.0,0.0,1
79734907.0,48.0,48.0,85.0,99.0,1
48929214.0,0.0,52.0,5.0,0.0,0
68250589.0,28.0,49.0,2.0,19.0,1
126703799.0,37.0,58.0,3.0,31.0,1
25863732.0,3.0,55.0,1.0,81.0,1
97415836.0,0.0,64.0,1.0,2.0,1
77895908.0,0.0,49.0,1.0,0.0,0
49865996.0,6.0,51.0,2.0,11.0,0
24124522.0,4.0,54.0,1.0,0.0,1
56716990.0,116.0,47.0,6.0,143.0,0
87369292.0,2.0,57.0,13.0,0.0,1
151018343.0,40.0,52.0,3.0,11.0,1
46169960.0,18.0,49.0,3.0,39.0,0
105375834.0,19.0,62.0,1.0,0.0,1
105862018.0,0.0,63.0,1.0,23.0,1
43326035.0,2.0,52.0,3.0,0.0,0
84212234.0,0.0,55.0,3.0,0.0,1
29969016.0,11.0,49.0,2.0,37.0,0
61745233.0,41.0,44.0,3.0,50.0,1
100306852.0,0.0,60.0,1.0,0.0,1
117115006.0,117.0,63.0,2.0,106.0,0
18277172.0,32.0,43.0,9.0,115.0,1
103550214.0,4.0,63.0,3.0,0.0,1
52274222.0,1169.0,51.0,7.0,277.0,0
58521948.0,8.0,46.0,14.0,0.0,1
111924072.0,0.0,62.0,1.0,0.0,0
35797880.0,4.0,50.0,1.0,0.0,0
67386770.0,13.0,48.0,2.0,52.0,0
56467097.0,0.0,47.0,1.0,0.0,0
12789761.0,19.0,54.0,2.0,5.0,1
44076132.0,1659.0,50.0,26.0,676.0,0
64703866.0,156.0,46.0,12.0,81.0,1
123329422.0,0.0,58.0,1.0,0.0,1
19518363.0,0.0,38.0,1.0,0.0,0
20403775.0,105.0,46.0,3.0,40.0,0
121664896.0,412.0,61.0,6.0,0.0,1
12487436.0,0.0,54.0,1.0,0.0,0
21776058.0,260.0,53.0,19.0,147.0,0
90558706.0,0.0,57.0,4.0,101.0,1
39689823.0,0.0,47.0,1.0,6.0,0
149768674.0,0.0,52.0,1.0,0.0,1
62480763.0,0.0,43.0,7.0,0.0,0
37100034.0,1266.0,49.0,4.0,0.0,0
109627324.0,21.0,61.0,2.0,5.0,1
23577869.0,104.0,54.0,2.0,0.0,0
64167648.0,1.0,43.0,1.0,0.0,1
14191776.0,0.0,55.0,2.0,0.0,1
64797186.0,827.0,46.0,7.0,549.0,1
37148847.0,0.0,49.0,3.0,0.0,0
81135885.0,0.0,48.0,3.0,0.0,1
113538337.0,0.0,62.0,4.0,0.0,0
139527795.0,2.0,54.0,1.0,0.0,1
123203512.0,0.0,59.0,1.0,0.0,0
61110708.0,12.0,44.0,2.0,0.0,1
146746804.0,10.0,53.0,1.0,0.0,1
67644913.0,0.0,48.0,2.0,6.0,1
147350577.0,60.0,53.0,5.0,49.0,1
141603834.0,67.0,54.0,1.0,98.0,0
138869453.0,133.0,54.0,3.0,136.0,1
47402727.0,21.0,51.0,0.0,0.0,0
35207506.0,0.0,47.0,1.0,8.0,0
86357211.0,0.0,56.0,1.0,0.0,1
124588004.0,0.0,58.0,1.0,0.0,1
30953399.0,0.0,49.0,3.0,0.0,1
16730674.0,0.0,52.0,1.0,0.0,0
91694368.0,0.0,60.0,1.0,0.0,1
146736961.0,9.0,53.0,4.0,12.0,0
71401817.0,6.0,49.0,2.0,0.0,1
64395777.0,9.0,44.0,3.0,42.0,0
87652492.0,218.0,57.0,5.0,0.0,1
64735428.0,14.0,46.0,13.0,17.0,1
43636123.0,12.0,52.0,1.0,0.0,0
141197560.0,2.0,54.0,5.0,0.0,1
101913045.0,5.0,61.0,1.0,31.0,1
111354532.0,0.0,61.0,1.0,2.0,0
51709915.0,106.0,51.0,5.0,69.0,1
13634475.0,55.0,54.0,2.0,19.0,1
72080585.0,0.0,49.0,1.0,0.0,1
13430049.0,0.0,53.0,2.0,0.0,1
87512419.0,195.0,57.0,38.0,185.0,1
23496345.0,27.0,54.0,3.0,12.0,0
93992764.0,0.0,60.0,1.0,0.0,1
97987040.0,147.0,65.0,6.0,0.0,1
94500552.0,2.0,60.0,1.0,0.0,1
51257393.0,837.0,51.0,4.0,401.0,1
142219986.0,197.0,55.0,8.0,324.0,1
38922071.0,1172.0,46.0,18.0,451.0,1
61733622.0,33.0,44.0,2.0,23.0,1
91246396.0,9.0,60.0,2.0,9.0,1
119089025.0,0.0,61.0,1.0,0.0,1
75802250.0,21.0,51.0,2.0,35.0,1
55938693.0,2642.0,47.0,9.0,15.0,0
27137147.0,51.0,54.0,6.0,21.0,1
55066857.0,10.0,47.0,3.0,743.0,0
54625354.0,0.0,48.0,1.0,0.0,0
12059401.0,18.0,53.0,2.0,34.0,0
13765640.0,12.0,54.0,2.0,0.0,1
64885979.0,0.0,47.0,19.0,0.0,1
78677666.0,4.0,48.0,1.0,0.0,1
30043761.0,0.0,49.0,1.0,4.0,1
134277194.0,1266.0,53.0,9.0,307.0,1
62572890.0,38.0,43.0,2.0,58.0,0
14857254.0,4.0,55.0,2.0,8.0,0
84045163.0,0.0,55.0,1.0,0.0,1
155590110.0,0.0,51.0,3.0,0.0,1
15390645.0,157.0,52.0,4.0,186.0,0
35345267.0,101.0,49.0,5.0,49.0,0
53686126.0,114.0,49.0,1.0,0.0,1
37247605.0,3.0,49.0,1.0,0.0,1
39277064.0,8.0,47.0,5.0,111.0,1
34440350.0,49.0,46.0,3.0,0.0,0
146687867.0,0.0,53.0,2.0,0.0,1
71230752.0,13.0,49.0,2.0,8.0,1
29930287.0,0.0,49.0,1.0,0.0,1
14879597.0,186.0,55.0,1.0,0.0,1
12566949.0,12.0,54.0,2.0,49.0,1
35540907.0,71.0,50.0,4.0,59.0,0
146748741.0,0.0,53.0,1.0,0.0,1
13161891.0,17934.0,54.0,321.0,5505.0,1
86860097.0,2.0,56.0,1.0,0.0,1
29510003.0,227.0,48.0,2.0,152.0,1
83448701.0,6.0,54.0,2.0,35.0,1
12758018.0,88.0,54.0,9.0,30.0,1
137189365.0,0.0,52.0,1.0,0.0,1
30907532.0,0.0,49.0,1.0,0.0,1
141168550.0,24.0,54.0,1.0,0.0,1
62815905.0,3.0,45.0,2.0,4.0,1
143376839.0,134.0,55.0,4.0,171.0,1
49931040.0,0.0,51.0,1.0,0.0,1
110081282.0,0.0,61.0,1.0,0.0,0
44066228.0,626.0,50.0,22.0,725.0,0
23007934.0,0.0,53.0,1.0,0.0,0
47176313.0,2141.0,51.0,81.0,1164.0,0
73868369.0,0.0,50.0,3.0,0.0,1
101394630.0,2.0,60.0,2.0,25.0,1
123876363.0,0.0,58.0,1.0,0.0,1
151148113.0,0.0,52.0,1.0,0.0,1
24614514.0,2197.0,55.0,16.0,888.0,1
13887799.0,128.0,55.0,2.0,46.0,0
69842038.0,0.0,49.0,1.0,0.0,1
55769015.0,32.0,48.0,3.0,24.0,0
74414089.0,2203.0,52.0,18.0,679.0,1
59698976.0,168.0,45.0,13.0,109.0,1
14222146.0,16.0,55.0,5.0,275.0,0
86647186.0,98.0,57.0,49.0,0.0,1
139748607.0,0.0,54.0,1.0,0.0,1
16873475.0,0.0,50.0,1.0,23.0,0
94495238.0,3965.0,60.0,150.0,152.0,0
31565072.0,21.0,49.0,1.0,0.0,1
60208779.0,4.0,45.0,1.0,0.0,0
84435158.0,0.0,55.0,1.0,0.0,0
12983596.0,0.0,54.0,1.0,0.0,0
91331035.0,2.0,60.0,2.0,11.0,1
110576611.0,10.0,61.0,1.0,0.0,0
127070152.0,439.0,58.0,21.0,252.0,1
61697161.0,0.0,44.0,1.0,0.0,1
21628019.0,82.0,53.0,6.0,117.0,0
109029888.0,1034.0,61.0,3.0,404.0,1
79800985.0,0.0,48.0,1.0,0.0,1
109575700.0,886.0,61.0,13.0,401.0,1
95553423.0,242.0,61.0,8.0,309.0,1
62275080.0,35.0,44.0,3.0,327.0,1
69939185.0,13.0,49.0,1.0,0.0,1
46569861.0,0.0,50.0,1.0,0.0,0
92685011.0,5003.0,61.0,227.0,333.0,0
117112493.0,888.0,63.0,11.0,54.0,0
127138878.0,0.0,58.0,1.0,0.0,1
126530769.0,0.0,58.0,2.0,0.0,1
25854862.0,55.0,55.0,2.0,0.0,1
74405213.0,2.0,52.0,2.0,10.0,1
49523540.0,2.0,51.0,1.0,0.0,0
69471679.0,732.0,49.0,10.0,14.0,0
29503300.0,4.0,48.0,1.0,0.0,0
61763077.0,130.0,44.0,6.0,80.0,0
83451484.0,147.0,54.0,2.0,17.0,1
14765259.0,12.0,55.0,4.0,34.0,1
29738820.0,2.0,49.0,1.0,111.0,1
108020430.0,18.0,62.0,2.0,12.0,1
44925032.0,5.0,49.0,2.0,16.0,0
57664357.0,20.0,47.0,2.0,48.0,1
44927716.0,40.0,49.0,5.0,104.0,0
90077917.0,0.0,57.0,2.0,0.0,1
38480029.0,0.0,45.0,1.0,539.0,1
112735679.0,1410.0,61.0,300.0,201.0,0
65080636.0,210.0,47.0,14.0,523.0,0
119857362.0,2.0,62.0,1.0,0.0,1
24615578.0,0.0,55.0,2.0,0.0,0
91139088.0,139.0,60.0,4.0,458.0,1
37581442.0,26.0,49.0,3.0,0.0,0
12526710.0,9.0,54.0,5.0,6.0,1
133609752.0,23.0,52.0,2.0,30.0,1
87850026.0,15.0,58.0,4.0,41.0,1
78543928.0,54.0,48.0,3.0,0.0,1
61625751.0,844.0,43.0,13.0,180.0,1
19842336.0,61.0,40.0,3.0,59.0,0
65674984.0,4.0,47.0,3.0,28.0,1
14902873.0,0.0,55.0,3.0,0.0,0
139484934.0,13.0,54.0,2.0,0.0,1
45977155.0,139.0,50.0,7.0,13.0,0
22874321.0,2349.0,53.0,14.0,1912.0,1
79808034.0,0.0,48.0,2.0,0.0,1
30967213.0,0.0,49.0,1.0,0.0,0
49906889.0,0.0,51.0,13.0,0.0,1
13158895.0,4.0,54.0,2.0,39.0,0
32463358.0,0.0,49.0,1.0,0.0,0
16737367.0,4.0,52.0,1.0,0.0,0
89832808.0,43.0,57.0,2.0,33.0,1
25024663.0,0.0,55.0,1.0,0.0,1
35518674.0,16.0,50.0,1.0,0.0,0
143929953.0,2.0,55.0,2.0,31.0,1
16708313.0,333.0,52.0,15.0,193.0,0
96163073.0,39.0,61.0,3.0,0.0,1
42751575.0,0.0,52.0,1.0,3.0,0
121087386.0,3.0,62.0,1.0,0.0,1
51159475.0,0.0,51.0,1.0,0.0,1
46618978.0,0.0,50.0,1.0,0.0,0
101235323.0,53.0,60.0,2.0,93.0,1
47534035.0,2.0,52.0,2.0,8.0,0
20196274.0,177.0,44.0,2.0,72.0,0
27394362.0,160.0,53.0,3.0,117.0,1
72797882.0,0.0,48.0,0.0,59.0,0
55097328.0,44.0,48.0,2.0,78.0,0
57166294.0,0.0,47.0,1.0,2.0,0
13308304.0,0.0,53.0,1.0,0.0,1
35222055.0,0.0,47.0,1.0,0.0,0
11905123.0,0.0,53.0,1.0,0.0,0
86086700.0,0.0,55.0,46.0,0.0,0
103343669.0,4.0,63.0,3.0,0.0,1
104999541.0,10.0,62.0,1.0,78.0,1
143054878.0,43.0,55.0,0.0,0.0,0
136524936.0,128.0,52.0,2.0,52.0,1
12715715.0,582.0,54.0,17.0,188.0,0
33503596.0,0.0,48.0,2.0,49.0,0
58136789.0,0.0,46.0,1.0,6.0,1
60722359.0,12.0,45.0,2.0,0.0,0
36134885.0,0.0,50.0,1.0,0.0,0
35345189.0,2.0,49.0,2.0,19.0,0
100185331.0,0.0,60.0,1.0,0.0,1
73595634.0,409.0,50.0,34.0,320.0,0
122482079.0,109.0,60.0,7.0,74.0,1
73387651.0,5083.0,50.0,133.0,2305.0,1
15393057.0,18.0,52.0,3.0,19.0,0
106693465.0,12.0,62.0,1.0,0.0,1
49208461.0,21.0,51.0,3.0,71.0,0
46057741.0,346.0,50.0,6.0,21.0,0
84045089.0,0.0,55.0,1.0,0.0,1
97840774.0,8.0,65.0,1.0,0.0,0
14132761.0,89.0,55.0,2.0,0.0,1
107561805.0,4.0,62.0,2.0,14.0,1
59101026.0,0.0,45.0,1.0,19.0,1
26200427.0,0.0,53.0,1.0,0.0,1
11940428.0,86.0,53.0,8.0,26.0,0
12966597.0,1940.0,54.0,2.0,212.0,1
51991915.0,7.0,51.0,2.0,47.0,1
27436397.0,0.0,52.0,1.0,0.0,0
83291105.0,4.0,54.0,3.0,16.0,0
16663060.0,553.0,51.0,4.0,9.0,0
88878105.0,12.0,58.0,1.0,0.0,0
150114468.0,14.0,52.0,2.0,4.0,1
109614684.0,93.0,61.0,2.0,110.0,1
27755249.0,0.0,52.0,1.0,0.0,1
112006720.0,36.0,61.0,0.0,30.0,0
60949594.0,0.0,45.0,1.0,4.0,0
25237176.0,115.0,55.0,10.0,0.0,0
61942358.0,0.0,44.0,1.0,0.0,1
105862460.0,0.0,63.0,4.0,0.0,1
56983913.0,0.0,47.0,1.0,0.0,1
32485077.0,0.0,49.0,1.0,0.0,1
52936083.0,0.0,49.0,3.0,0.0,0
88496609.0,15.0,57.0,4.0,41.0,0
110592123.0,6.0,61.0,1.0,0.0,0
35207513.0,0.0,47.0,1.0,2.0,0
47067981.0,3896.0,51.0,64.0,1928.0,0
66108218.0,90.0,47.0,2.0,14.0,0
146953832.0,0.0,53.0,4.0,0.0,1
19126768.0,57.0,38.0,4.0,35.0,0
18339888.0,13.0,43.0,2.0,36.0,0
12488771.0,0.0,54.0,1.0,0.0,1
16985603.0,0.0,49.0,9.0,12.0,0
60949494.0,0.0,45.0,2.0,61.0,0
66584305.0,24.0,48.0,2.0,0.0,1
92436039.0,2.0,61.0,1.0,0.0,1
24332299.0,2.0,55.0,1.0,82.0,1
97769880.0,0.0,65.0,2.0,0.0,1
111367774.0,0.0,61.0,1.0,13.0,0
30925785.0,0.0,49.0,5.0,0.0,0
13796192.0,16.0,55.0,5.0,0.0,1
53973335.0,0.0,49.0,4.0,0.0,0
37198473.0,30.0,49.0,1.0,48.0,1
102710330.0,0.0,62.0,21.0,0.0,1
33503492.0,23.0,48.0,9.0,71.0,0
60328546.0,13.0,45.0,1.0,0.0,0
151005003.0,0.0,52.0,6.0,0.0,1
146642184.0,9.0,53.0,2.0,104.0,0
87285781.0,0.0,56.0,11.0,0.0,1
121132397.0,0.0,62.0,1.0,0.0,1
20578480.0,133.0,47.0,2.0,0.0,0
135828658.0,2.0,52.0,2.0,41.0,1
75491225.0,0.0,51.0,2.0,0.0,1
13112327.0,14.0,54.0,2.0,7.0,0
36133636.0,50.0,50.0,4.0,31.0,1
16556692.0,1604.0,51.0,3.0,117.0,0
43553171.0,128.0,52.0,3.0,79.0,0
137652967.0,0.0,53.0,3.0,0.0,1
97679982.0,484.0,65.0,5.0,0.0,1
109752089.0,0.0,61.0,1.0,0.0,0
14023655.0,0.0,55.0,5.0,0.0,0
141212060.0,0.0,54.0,5.0,181.0,1
110922272.0,0.0,61.0,2.0,0.0,0
47178960.0,4.0,51.0,2.0,112.0,0
36768747.0,26.0,50.0,2.0,84.0,0
15127279.0,62.0,52.0,0.0,0.0,0
34484585.0,258.0,46.0,3.0,116.0,0
83740614.0,36.0,55.0,5.0,29.0,1
131762171.0,18.0,53.0,1.0,38.0,1
21247932.0,0.0,50.0,1.0,0.0,0
55916456.0,34.0,47.0,3.0,26.0,0
146705523.0,0.0,53.0,0.0,22.0,0
11970192.0,200.0,53.0,2.0,23.0,0
112216238.0,0.0,61.0,1.0,0.0,0
34316416.0,49.0,47.0,3.0,0.0,0
24126441.0,6.0,54.0,1.0,0.0,1
12959419.0,86.0,54.0,7.0,29.0,0
14877985.0,88.0,55.0,3.0,15.0,1
39358882.0,6.0,47.0,2.0,0.0,1
13290373.0,0.0,53.0,1.0,0.0,1
13579837.0,16.0,53.0,5.0,0.0,1
126062734.0,77.0,57.0,3.0,140.0,0
105917409.0,132.0,63.0,2.0,61.0,1
88752665.0,43.0,57.0,2.0,33.0,1
47255499.0,165.0,51.0,3.0,18.0,0
131772589.0,6.0,53.0,3.0,0.0,1
118095908.0,562.0,61.0,297.0,3414.0,0
16588352.0,152.0,51.0,5.0,46.0,0
78127330.0,0.0,49.0,1.0,0.0,1
67535804.0,21.0,48.0,2.0,40.0,1
35220501.0,0.0,47.0,3.0,0.0,1
70605626.0,502.0,49.0,21.0,150.0,1
122608537.0,0.0,59.0,1.0,0.0,1
118176219.0,4.0,61.0,3.0,2.0,0
88766040.0,8.0,57.0,7.0,92.0,0
21314671.0,22.0,50.0,2.0,46.0,0
121547564.0,0.0,61.0,1.0,0.0,1
18429447.0,37.0,42.0,3.0,6.0,0
28372988.0,46.0,49.0,2.0,4.0,0
12041894.0,0.0,53.0,1.0,0.0,0
47411356.0,2.0,51.0,1.0,0.0,0
13691328.0,1027.0,54.0,11.0,509.0,0
37124668.0,0.0,49.0,1.0,91.0,0
86352752.0,0.0,56.0,2.0,0.0,1
88159623.0,7.0,58.0,5.0,36.0,1
36923163.0,0.0,50.0,1.0,0.0,1
88086622.0,1394.0,58.0,10.0,291.0,1
70266096.0,6.0,49.0,2.0,11.0,1
109030748.0,402.0,61.0,2.0,0.0,1
18119582.0,0.0,43.0,3.0,0.0,0
50169561.0,0.0,51.0,7.0,0.0,1
107557499.0,46.0,62.0,2.0,13.0,1
69325925.0,2.0,49.0,1.0,0.0,0
26463503.0,12190.0,54.0,7.0,0.0,0
120203558.0,0.0,62.0,1.0,0.0,1
47190461.0,10.0,51.0,4.0,30.0,0
18482868.0,15.0,42.0,3.0,25.0,0
19435702.0,4.0,38.0,2.0,0.0,0
148196137.0,9956.0,52.0,121.0,2178.0,1
58728848.0,38.0,46.0,2.0,52.0,1
30457752.0,156.0,50.0,5.0,201.0,0
146743990.0,0.0,53.0,1.0,0.0,1
113189125.0,0.0,61.0,1.0,0.0,0
125976035.0,212.0,57.0,4.0,408.0,1
16621179.0,553.0,51.0,4.0,9.0,1
110636601.0,53.0,61.0,3.0,4.0,0
34305510.0,16.0,47.0,2.0,48.0,0
110091185.0,0.0,61.0,1.0,0.0,0
24327574.0,16.0,55.0,1.0,0.0,0
16641195.0,4.0,51.0,1.0,0.0,0
20821946.0,4.0,48.0,2.0,0.0,0
12068911.0,304.0,53.0,12.0,164.0,0
21545172.0,0.0,51.0,1.0,0.0,0
58139871.0,75.0,46.0,8.0,428.0,0
12269130.0,0.0,54.0,1.0,0.0,0
35207444.0,0.0,47.0,1.0,2.0,0
67867316.0,102.0,49.0,11.0,263.0,1
30089403.0,4.0,49.0,1.0,34.0,0
61775531.0,2.0,44.0,2.0,2.0,0
77478531.0,0.0,51.0,1.0,12.0,1
25991428.0,8.0,55.0,1.0,0.0,1
85914512.0,182.0,55.0,6.0,20.0,1
52275436.0,2.0,51.0,5.0,302.0,0
113896739.0,0.0,62.0,1.0,0.0,0
19332739.0,2.0,39.0,1.0,0.0,0
74298871.0,7.0,51.0,1.0,0.0,1
105888162.0,0.0,63.0,1.0,0.0,1
65799807.0,0.0,47.0,1.0,0.0,0
16642156.0,0.0,51.0,6.0,0.0,0
25811524.0,305.0,55.0,12.0,494.0,0
34491918.0,1.0,46.0,3.0,0.0,0
17131886.0,25.0,49.0,3.0,52.0,0
109701554.0,0.0,61.0,1.0,2.0,0
16932513.0,1248.0,50.0,0.0,0.0,0
105823481.0,33.0,63.0,3.0,41.0,1
148198813.0,0.0,52.0,3.0,20.0,1
12608210.0,0.0,54.0,1.0,0.0,1
102761419.0,158.0,62.0,2.0,70.0,1
19318371.0,0.0,39.0,1.0,0.0,0
44587693.0,18.0,49.0,3.0,39.0,0
87801745.0,0.0,57.0,1.0,0.0,1
76763478.0,0.0,51.0,1.0,0.0,1
130945250.0,100.0,53.0,11.0,96.0,1
148496620.0,0.0,52.0,1.0,184.0,1
149033885.0,0.0,52.0,1.0,0.0,1
47339148.0,165.0,51.0,3.0,18.0,0
59655225.0,0.0,45.0,1.0,0.0,0
59852136.0,1324.0,45.0,25.0,579.0,1
72343548.0,0.0,48.0,1.0,0.0,1
106238664.0,0.0,63.0,1.0,0.0,1
73385208.0,5.0,50.0,2.0,68.0,1
46826592.0,329.0,51.0,6.0,88.0,0
64220829.0,3060.0,43.0,11.0,489.0,0
36560468.0,24.0,50.0,4.0,81.0,0
22932107.0,0.0,53.0,3.0,0.0,1
75165625.0,0.0,51.0,82.0,0.0,1
94251731.0,0.0,60.0,1.0,0.0,1
51121674.0,0.0,51.0,2.0,0.0,1
75830492.0,8.0,51.0,2.0,149.0,1
86301830.0,18.0,56.0,1.0,0.0,1
27782723.0,161.0,52.0,23.0,30.0,1
90581380.0,4.0,57.0,2.0,51.0,1
47408476.0,28.0,51.0,3.0,125.0,0
147775642.0,18.0,53.0,1.0,98.0,1
54296853.0,0.0,49.0,4.0,0.0,0
34120029.0,33.0,47.0,3.0,0.0,1
61264997.0,0.0,43.0,2.0,0.0,1
14222180.0,0.0,55.0,1.0,8.0,1
131565407.0,0.0,53.0,33.0,0.0,1
123277484.0,22.0,58.0,6.0,23.0,1
73515855.0,0.0,50.0,1.0,0.0,0
103995458.0,0.0,63.0,1.0,0.0,1
21112561.0,0.0,49.0,3.0,0.0,0
37090659.0,0.0,49.0,0.0,0.0,0
137069325.0,446.0,52.0,6.0,327.0,1
33057457.0,707.0,48.0,6.0,192.0,0
70091100.0,4.0,49.0,5.0,48.0,1
67554603.0,0.0,48.0,1.0,36.0,1
21044501.0,0.0,49.0,6.0,0.0,0
63698609.0,14.0,44.0,2.0,0.0,0
73694516.0,0.0,50.0,0.0,0.0,1
110044886.0,49.0,61.0,4.0,125.0,0
36781216.0,7.0,50.0,2.0,12.0,0
75565099.0,4.0,51.0,1.0,0.0,1
58720843.0,4.0,46.0,1.0,0.0,0
148242443.0,0.0,52.0,1.0,0.0,0
124899540.0,4.0,57.0,2.0,17.0,1
70098391.0,9.0,49.0,3.0,36.0,1
51730538.0,35.0,51.0,3.0,21.0,1
56309174.0,0.0,47.0,1.0,7.0,0
22524205.0,837.0,54.0,8.0,70.0,0
54392632.0,10.0,49.0,2.0,36.0,0
15399505.0,12.0,52.0,2.0,7.0,0
17183247.0,0.0,48.0,6.0,0.0,0
18576580.0,66.0,42.0,4.0,0.0,0
26196079.0,0.0,53.0,1.0,0.0,0
155703833.0,0.0,51.0,1.0,0.0,0
14097763.0,128.0,55.0,2.0,47.0,1
50310514.0,0.0,51.0,3.0,0.0,0
82743931.0,0.0,54.0,1.0,0.0,0
39673616.0,50.0,47.0,22.0,76.0,0
100770179.0,24.0,60.0,2.0,15.0,1
41384103.0,7.0,48.0,1.0,0.0,0
18804650.0,0.0,41.0,2.0,4.0,0
13327940.0,0.0,53.0,3.0,0.0,1
35275048.0,0.0,47.0,1.0,0.0,0
61051970.0,0.0,44.0,1.0,0.0,0
27413553.0,160.0,53.0,3.0,117.0,1
140527193.0,9.0,54.0,4.0,42.0,1
20339974.0,0.0,44.0,1.0,0.0,0
12139472.0,2848.0,54.0,8.0,0.0,0
30280048.0,2.0,50.0,2.0,4.0,1
77611643.0,0.0,50.0,1.0,0.0,1
49930838.0,0.0,51.0,1.0,0.0,1
64148836.0,34.0,43.0,1.0,100.0,0
12006951.0,585.0,53.0,54.0,495.0,0
24164264.0,0.0,55.0,1.0,30.0,1
42227766.0,2.0,49.0,3.0,110.0,0
97415368.0,14.0,64.0,3.0,2.0,1
97357075.0,0.0,64.0,1.0,8.0,0
78262896.0,0.0,48.0,1.0,61.0,1
34193106.0,3.0,47.0,5.0,219.0,0
146171384.0,26.0,53.0,3.0,26.0,0
97840373.0,0.0,65.0,1.0,0.0,1
34186385.0,194.0,47.0,19.0,302.0,0
141344527.0,0.0,54.0,1.0,0.0,1
21292516.0,0.0,50.0,2.0,0.0,0
13740447.0,2.0,54.0,1.0,0.0,1
12487016.0,86.0,54.0,8.0,40.0,1
104821439.0,0.0,63.0,1.0,0.0,1
15390941.0,0.0,52.0,0.0,0.0,1
30149909.0,42.0,50.0,4.0,112.0,0
14025164.0,16.0,55.0,6.0,0.0,1
35866144.0,4.0,50.0,1.0,0.0,1
122811269.0,0.0,59.0,1.0,0.0,1
62361005.0,3.0,43.0,2.0,43.0,1
34445275.0,0.0,46.0,4.0,0.0,1
30287928.0,18.0,50.0,2.0,101.0,1
87706515.0,0.0,57.0,3.0,0.0,1
13327312.0,0.0,53.0,3.0,0.0,1
76700724.0,0.0,51.0,1.0,0.0,1
83791376.0,0.0,55.0,1.0,0.0,1
44941985.0,40.0,49.0,5.0,104.0,0
74467598.0,6.0,52.0,4.0,35.0,0
91352130.0,29.0,60.0,3.0,52.0,1
54211565.0,0.0,49.0,7.0,374.0,0
144364285.0,30.0,54.0,2.0,107.0,1
38578317.0,0.0,46.0,3.0,539.0,1
81543671.0,0.0,49.0,1.0,0.0,1
104760388.0,2.0,63.0,1.0,0.0,1
86867245.0,2.0,56.0,1.0,0.0,1
150336452.0,0.0,52.0,1.0,47.0,1
83932875.0,19.0,55.0,2.0,48.0,1
148076892.0,12.0,53.0,2.0,9.0,1
23430741.0,14.0,53.0,1.0,0.0,1
34167069.0,314.0,47.0,4.0,0.0,0
64145620.0,319.0,43.0,66.0,377.0,1
16987705.0,6.0,49.0,1.0,0.0,0
16532994.0,67.0,51.0,9.0,12.0,0
134405543.0,227.0,53.0,3.0,70.0,1
59100019.0,0.0,46.0,6.0,806.0,0
25311474.0,115.0,55.0,10.0,0.0,0
49931013.0,0.0,51.0,1.0,0.0,0
28002649.0,0.0,52.0,1.0,0.0,0
87793368.0,0.0,57.0,1.0,4.0,1
35181004.0,43.0,47.0,5.0,0.0,0
75532844.0,6.0,51.0,1.0,0.0,1
102550289.0,1596.0,62.0,33.0,640.0,1
12806475.0,0.0,54.0,3.0,0.0,0
81628659.0,0.0,49.0,0.0,0.0,1
116413207.0,0.0,64.0,1.0,0.0,0
109423704.0,218.0,61.0,5.0,158.0,1
146027484.0,8.0,53.0,1.0,0.0,1
35130014.0,5.0,46.0,1.0,0.0,0
36962325.0,0.0,50.0,1.0,0.0,0
26099334.0,0.0,55.0,1.0,4.0,1
35229615.0,2.0,47.0,3.0,8.0,0
103994082.0,939.0,63.0,187.0,0.0,1
27466376.0,87.0,52.0,7.0,0.0,1
85734011.0,62.0,55.0,1.0,76.0,1
35522498.0,3.0,50.0,1.0,0.0,0
147979396.0,4.0,53.0,1.0,0.0,1
71537943.0,2.0,49.0,3.0,36.0,1
30153149.0,4.0,50.0,1.0,34.0,0
19307430.0,0.0,37.0,139.0,4.0,0
12838386.0,16.0,54.0,1.0,0.0,0
75736918.0,0.0,51.0,1.0,0.0,1
152027148.0,7.0,52.0,2.0,0.0,1
88470251.0,0.0,58.0,29.0,0.0,1
19181397.0,0.0,37.0,1.0,0.0,0
146629589.0,43.0,53.0,9.0,39.0,1
110065070.0,0.0,61.0,1.0,27.0,0
26744705.0,5.0,54.0,5.0,23.0,0
40518951.0,12.0,48.0,1.0,0.0,0
139914943.0,0.0,54.0,1.0,0.0,1
43388632.0,4.0,52.0,1.0,0.0,0
44071816.0,0.0,50.0,1.0,0.0,0
84892897.0,39.0,55.0,1.0,0.0,0
75066318.0,0.0,51.0,1.0,0.0,1
36857751.0,29.0,50.0,2.0,16.0,1
138017340.0,653.0,53.0,12.0,612.0,1
42661294.0,1293.0,50.0,30.0,291.0,0
34498662.0,258.0,46.0,3.0,116.0,0
32713198.0,27.0,48.0,2.0,24.0,1
26840993.0,669.0,54.0,9.0,235.0,1
42206326.0,5.0,49.0,2.0,17.0,0
39358493.0,6.0,47.0,2.0,0.0,1
120005842.0,439.0,62.0,21.0,252.0,1
21069460.0,31.0,49.0,1.0,39.0,0
21047144.0,0.0,49.0,26.0,0.0,0
124270567.0,0.0,58.0,1.0,45.0,1
12791457.0,6.0,54.0,1.0,34.0,1
26511293.0,371.0,54.0,18.0,355.0,0
144787234.0,0.0,54.0,2.0,0.0,0
62288506.0,0.0,44.0,1.0,2.0,0
119905555.0,0.0,62.0,1.0,0.0,1
87188172.0,18.0,56.0,1.0,0.0,1
123968867.0,440.0,58.0,31.0,104.0,1
15029318.0,0.0,53.0,1.0,0.0,1
34190522.0,3.0,47.0,5.0,219.0,0
40166246.0,75.0,48.0,16.0,75.0,0
126716575.0,4.0,58.0,2.0,17.0,1
94599084.0,0.0,60.0,1.0,8.0,1
69701758.0,2.0,49.0,2.0,7.0,1
29159659.0,0.0,48.0,1.0,0.0,0
91202298.0,5.0,60.0,1.0,69.0,1
106267772.0,0.0,63.0,3.0,0.0,0
19486481.0,0.0,38.0,1.0,24.0,0
109608650.0,0.0,61.0,1.0,3.0,0
38400760.0,11.0,45.0,5.0,23.0,1
97736346.0,0.0,65.0,1.0,0.0,1
13994006.0,0.0,55.0,16.0,0.0,0
106297194.0,0.0,63.0,3.0,0.0,1
74951770.0,7.0,51.0,2.0,34.0,1
128787620.0,0.0,56.0,1.0,0.0,1
38962823.0,0.0,46.0,1.0,0.0,1
116201288.0,0.0,64.0,1.0,0.0,0
43837001.0,4.0,52.0,3.0,40.0,0
37521465.0,0.0,49.0,1.0,0.0,1
131965671.0,0.0,53.0,1.0,0.0,1
75734286.0,0.0,51.0,1.0,1.0,0
134514758.0,13.0,53.0,1.0,0.0,1
61770876.0,46.0,44.0,1.0,0.0,1
55874983.0,2.0,47.0,1.0,0.0,0
27218689.0,714.0,54.0,11.0,309.0,1
89837073.0,0.0,57.0,2.0,0.0,1
133187222.0,86.0,52.0,1.0,29.0,0
140653728.0,64.0,54.0,1.0,27.0,1
19246829.0,0.0,37.0,1.0,0.0,0
43326155.0,64.0,52.0,10.0,56.0,0
32877506.0,0.0,48.0,5.0,0.0,0
28637604.0,56.0,48.0,5.0,91.0,0
54681441.0,50.0,48.0,4.0,48.0,0
23110037.0,357.0,53.0,3.0,91.0,0
69952220.0,0.0,49.0,1.0,0.0,1
84435895.0,0.0,55.0,1.0,0.0,0
35518671.0,289.0,50.0,3.0,125.0,0
102691656.0,17.0,62.0,3.0,0.0,1
132847599.0,0.0,52.0,1.0,4.0,1
35372899.0,0.0,49.0,3.0,0.0,1
63864710.0,51.0,44.0,2.0,56.0,1
13307011.0,0.0,53.0,1.0,0.0,1
99405709.0,0.0,60.0,1.0,0.0,1
27947635.0,4.0,52.0,1.0,0.0,1
12452701.0,24.0,54.0,1.0,110.0,0
47380356.0,81.0,51.0,2.0,40.0,0
29159926.0,0.0,48.0,6.0,0.0,0
107744143.0,4.0,62.0,1.0,0.0,1
30248430.0,15.0,50.0,1.0,0.0,0
47623225.0,22.0,52.0,3.0,15.0,0
72008787.0,25.0,49.0,5.0,100.0,1
69869688.0,1.0,49.0,1.0,0.0,1
84893812.0,39.0,55.0,0.0,0.0,1
134988384.0,38.0,53.0,3.0,12.0,1
74026813.0,8.0,50.0,2.0,5.0,1
45480680.0,33.0,50.0,4.0,0.0,0
100628740.0,52.0,60.0,1.0,93.0,1
40899728.0,0.0,48.0,0.0,67.0,0
15165635.0,181.0,52.0,11.0,198.0,0
146804598.0,0.0,53.0,2.0,0.0,1
117232422.0,0.0,63.0,1.0,0.0,0
47306808.0,0.0,51.0,2.0,0.0,0
137480101.0,0.0,51.0,1.0,0.0,1
40945058.0,4.0,48.0,2.0,14.0,0
64148592.0,0.0,43.0,1.0,0.0,0
56028411.0,32.0,47.0,4.0,54.0,0
66083739.0,10.0,47.0,4.0,7.0,1
36772347.0,5.0,50.0,4.0,110.0,0
20178437.0,0.0,44.0,2.0,0.0,0
149465215.0,16.0,52.0,2.0,0.0,1
44455412.0,0.0,49.0,8.0,0.0,0
64682697.0,1.0,45.0,1.0,0.0,0
20774474.0,0.0,48.0,2.0,0.0,0
46808915.0,0.0,51.0,2.0,25.0,0
13275217.0,2.0,53.0,2.0,34.0,1
62279091.0,118.0,44.0,41.0,406.0,0
94779588.0,0.0,60.0,1.0,8.0,1
21517285.0,0.0,50.0,1.0,0.0,0
40791694.0,2.0,48.0,2.0,58.0,0
21611885.0,260.0,52.0,19.0,147.0,0
156265033.0,0.0,50.0,2.0,0.0,1
12933737.0,0.0,54.0,1.0,0.0,1
12941860.0,58.0,54.0,2.0,39.0,0
26108934.0,0.0,55.0,1.0,4.0,0
35930192.0,529.0,50.0,1.0,0.0,1
37474085.0,0.0,49.0,1.0,0.0,0
18450519.0,90.0,42.0,6.0,127.0,0
127856983.0,0.0,58.0,1.0,0.0,1
25089857.0,0.0,55.0,2.0,0.0,0
120405608.0,0.0,62.0,1.0,15.0,1
74966545.0,0.0,51.0,1.0,0.0,1
16752306.0,0.0,52.0,1.0,0.0,0
20639678.0,24.0,48.0,2.0,22.0,0
98056609.0,12.0,65.0,38.0,0.0,1
34512095.0,0.0,46.0,1.0,0.0,0
105069716.0,0.0,62.0,2.0,4.0,1
57471304.0,6.0,47.0,1.0,0.0,1
91112777.0,17.0,60.0,1.0,0.0,0
147345993.0,0.0,53.0,1.0,0.0,1
116356642.0,898.0,64.0,11.0,54.0,0
32457364.0,0.0,49.0,1.0,0.0,1
45171246.0,8.0,50.0,6.0,64.0,0
52429708.0,87.0,50.0,8.0,43.0,1
139906786.0,0.0,54.0,1.0,0.0,1
61759298.0,943.0,44.0,18.0,293.0,0
114063286.0,39.0,62.0,2.0,380.0,0
146026354.0,227.0,53.0,12.0,198.0,1
83450665.0,0.0,54.0,1.0,0.0,1
35874590.0,4.0,50.0,4.0,61.0,1
105231659.0,0.0,62.0,1.0,0.0,1
146183118.0,37.0,53.0,1.0,0.0,0
84662082.0,36.0,55.0,5.0,29.0,1
20924050.0,27.0,48.0,2.0,69.0,0
127625250.0,0.0,58.0,1.0,0.0,1
67597697.0,28.0,48.0,2.0,19.0,1
15167076.0,0.0,52.0,1.0,0.0,0
23498494.0,5.0,54.0,2.0,16.0,1
61995727.0,0.0,44.0,1.0,0.0,1
19246529.0,0.0,37.0,1.0,0.0,0
109603999.0,18.0,61.0,4.0,6.0,1
17124646.0,2.0,49.0,1.0,0.0,0
20927215.0,618.0,48.0,11.0,0.0,0
12806627.0,0.0,54.0,2.0,0.0,1
73660648.0,0.0,50.0,1.0,0.0,0
38759933.0,0.0,46.0,1.0,0.0,0
40304762.0,551.0,48.0,7.0,139.0,0
141379149.0,120.0,54.0,1.0,52.0,1
86848113.0,7.0,56.0,1.0,0.0,1
20127711.0,0.0,44.0,1.0,0.0,0
117095986.0,0.0,63.0,2.0,0.0,0
18721524.0,1.0,42.0,1.0,0.0,0
13030999.0,54.0,54.0,1.0,0.0,0
113255445.0,0.0,61.0,2.0,0.0,0
69952051.0,0.0,49.0,1.0,0.0,1
20861396.0,12.0,48.0,1.0,0.0,0
149395945.0,421.0,52.0,15.0,31.0,1
83070786.0,0.0,54.0,1.0,0.0,0
148225784.0,512.0,52.0,11.0,279.0,1
37730307.0,3026.0,48.0,5.0,1034.0,1
61121250.0,0.0,44.0,2.0,0.0,1
47499576.0,0.0,52.0,3.0,6.0,0
16929908.0,60.0,50.0,1.0,0.0,0
45097120.0,0.0,50.0,1.0,0.0,0
35532667.0,2957.0,50.0,4.0,1111.0,0
155307179.0,75.0,51.0,4.0,0.0,1
34432796.0,44.0,47.0,4.0,0.0,0
36019391.0,11.0,50.0,2.0,20.0,0
57627536.0,116.0,47.0,6.0,130.0,1
52015058.0,7.0,51.0,2.0,47.0,1
51998337.0,23.0,51.0,2.0,12.0,0
77726168.0,73.0,50.0,6.0,2.0,1
29372634.0,0.0,48.0,1.0,0.0,0
73158515.0,5.0,50.0,1.0,0.0,1
57987425.0,0.0,46.0,1.0,8.0,1
15389769.0,0.0,52.0,6.0,0.0,0
142387706.0,0.0,55.0,1.0,0.0,1
69426063.0,21.0,49.0,4.0,30.0,1
21313208.0,0.0,50.0,4.0,0.0,0
15128787.0,0.0,52.0,156.0,0.0,0
93391170.0,12.0,61.0,2.0,0.0,0
110085950.0,4276.0,61.0,4.0,355.0,0
12451541.0,45.0,54.0,1.0,0.0,1
74306802.0,0.0,51.0,1.0,0.0,1
103415456.0,10.0,63.0,2.0,20.0,1
69943548.0,9.0,49.0,3.0,36.0,1
13357715.0,0.0,53.0,2.0,72.0,1
150966747.0,2540.0,52.0,18.0,159.0,1
11940402.0,2.0,53.0,1.0,0.0,0
39365805.0,0.0,47.0,1.0,0.0,0
49932749.0,0.0,51.0,13.0,0.0,1
143263667.0,566.0,55.0,21.0,752.0,1
15372102.0,0.0,52.0,1.0,0.0,1
39422954.0,8.0,47.0,5.0,111.0,0
87845047.0,0.0,58.0,1.0,0.0,1
78555492.0,24.0,48.0,1.0,0.0,0
13357182.0,0.0,53.0,1.0,0.0,1
146049623.0,0.0,53.0,2.0,11.0,1
33101826.0,21.0,48.0,1.0,0.0,0
45006657.0,1092.0,49.0,15.0,110.0,0
61361982.0,9.0,43.0,2.0,22.0,1
26594176.0,321.0,54.0,12.0,476.0,0
35382922.0,0.0,49.0,2.0,0.0,0
22930211.0,837.0,53.0,8.0,70.0,0
68134243.0,15.0,49.0,2.0,4.0,0
35372700.0,0.0,49.0,1.0,0.0,0
30002011.0,6.0,49.0,1.0,107.0,0
85633417.0,0.0,55.0,1.0,0.0,1
67446405.0,0.0,48.0,1.0,0.0,1
104005603.0,0.0,63.0,1.0,0.0,1
47230332.0,70.0,51.0,5.0,59.0,0
23916616.0,0.0,54.0,0.0,0.0,0
71224438.0,0.0,49.0,1.0,0.0,1
108987027.0,19.0,61.0,2.0,40.0,1
52739942.0,0.0,49.0,1.0,6.0,0
89846471.0,76.0,57.0,4.0,37.0,1
58947729.0,7.0,46.0,0.0,0.0,1
90563113.0,0.0,57.0,0.0,52.0,1
40940144.0,2.0,48.0,3.0,0.0,0
133187279.0,83.0,52.0,2.0,28.0,1
108223622.0,0.0,63.0,1.0,2.0,1
19973001.0,120.0,41.0,2.0,69.0,0
119168572.0,0.0,61.0,1.0,0.0,1
83275254.0,62.0,54.0,8.0,43.0,1
14025148.0,0.0,55.0,1.0,0.0,0
57354279.0,2642.0,47.0,9.0,15.0,1
112791621.0,0.0,61.0,1.0,0.0,0
28564816.0,2.0,48.0,1.0,0.0,0
20494730.0,175.0,47.0,2.0,0.0,0
36670437.0,0.0,50.0,0.0,0.0,0
16559719.0,335.0,51.0,15.0,193.0,0
82935020.0,1647.0,54.0,15.0,594.0,1
141044193.0,68.0,54.0,3.0,43.0,1
137459370.0,0.0,51.0,1.0,0.0,0
20787297.0,0.0,48.0,1.0,0.0,0
128696293.0,3.0,56.0,1.0,82.0,1
46618070.0,895.0,50.0,9.0,0.0,0
112661181.0,9.0,61.0,2.0,699.0,0
79344611.0,0.0,48.0,8.0,0.0,0
19168302.0,0.0,38.0,1.0,0.0,0
16987823.0,0.0,49.0,6.0,0.0,0
34158445.0,2.0,47.0,2.0,20.0,1
49300023.0,51.0,51.0,3.0,30.0,0
41461470.0,10.0,48.0,4.0,45.0,0
12984367.0,0.0,54.0,1.0,0.0,1
69079981.0,50.0,49.0,4.0,68.0,1
