tr_build_id,patch_size,num_of_comments,test_file_changes,files_added,files_deleted,num_commits,frequency_file_change,num_of_reviewers,developer_experience,reviewer_experience
8068919,2,0,41,1,0,2,23,0,1,0
8101978,9,0,262,1,0,1,140,2,0,1487.0
8104535,0,0,4,0,0,1,18,2,0,1487.0
8105096,2,0,12,0,0,1,29,1,1316,1658.0
8175780,274,0,62,2,0,1,51,1,1658,1316.0
8175938,2,0,2,0,0,1,10,2,-60,1487.0
8176141,37,0,0,0,1,1,10,1,1658,1316.0
8202621,2,0,3,0,0,1,5,1,1658,1316.0
8202898,170,0,176,1,0,1,38,1,1658,1316.0
8203200,6,0,55,0,0,2,14,2,-12,1487.0
8205514,70,0,140,2,0,3,0,2,0,1487.0
8206054,6,0,9,0,0,1,14,2,1457,1487.0
8206695,54,0,29,0,0,8,4,1,1658,1316.0
8207336,119,0,602,0,0,11,18,2,157,1487.0
8209393,23,0,31,2,0,4,25,1,1658,1316.0
8209852,2,0,2,0,0,1,6,2,143,1487.0
8211263,55,0,9,0,0,1,3,1,1658,1316.0
8212065,0,0,23,0,0,2,4,2,0,1487.0
8212382,123,0,50,0,0,2,12,1,1658,1316.0
8214902,0,0,8,0,0,1,5,1,1316,1658.0
8244033,25,0,35,0,0,1,19,1,1316,1658.0
8247445,0,0,174,1,0,1,1,1,1316,1658.0
8247909,0,0,238,0,0,1,2,1,1316,1658.0
8254493,376,0,339,4,0,26,34,2,294,1487.0
8254936,271,0,248,3,1,9,53,2,294,1487.0
8255297,31,0,56,0,0,1,66,2,511,1487.0
8255681,0,0,14,0,0,1,5,2,0,1487.0
8257935,26,0,40,0,0,1,3,2,0,1487.0
8288267,0,0,1,0,0,1,5,1,1658,1316.0
8294830,96,0,1309,1,0,1,23,1,1316,1658.0
8295668,141,0,0,1,0,1,12,2,0,1487.0
8300512,6,0,12,0,0,1,45,2,-168,1487.0
8324827,9,0,0,0,0,1,11,0,0,0
8325186,3,0,0,0,0,1,5,0,0,0
8325337,2,0,24,0,0,1,24,0,0,0
8325642,2,0,0,0,0,1,8,0,-97,-97
8325655,16,0,0,0,0,1,201,0,-97,-97
8393121,0,0,71,0,0,1,13,0,0,0
8432882,2,0,0,0,0,1,21,0,1733,1733
8478800,179,0,294,1,0,1,193,0,1392,1392
8479201,2,0,0,0,0,1,14,0,0,0
8490473,0,0,0,0,0,1,13,0,1393,1393
8552126,2,0,53,0,0,1,8,0,0,0
8666302,37,0,383,0,0,1,51,0,-87,-87
8681420,12,0,66,0,0,1,107,0,1399,1399
8705914,0,0,6,0,0,1,20,0,1399,1399
8713992,1,0,2,0,0,1,16,0,-85,-85
8714579,2,0,0,0,0,2,19,0,0,0
8783140,40,0,0,0,0,1,104,0,1401,1401
8860866,2,0,0,0,0,1,67,0,0,0
8942503,13,0,9,0,0,1,5,0,1406,1406
8942779,2,0,0,0,0,1,6,0,1399,0
8946778,7,0,51,0,0,1,14,0,1406,0
8952810,2,0,0,0,0,2,21,0,0,0
8973925,0,0,0,0,0,1,6,0,0,0
8980055,5,0,0,0,0,1,14,0,0,0
8980473,4,0,14,0,0,1,48,0,1407,1407
8982122,24,0,0,0,0,1,13,0,1407,1407
9003042,9,0,2,0,0,1,16,0,0,0
9144543,2,0,0,0,0,1,24,3,1394,-351.3333333333333
9203576,1,0,0,0,0,1,9,3,0,-351.3333333333333
9205026,124,0,31,0,0,1,109,3,0,-351.3333333333333
9399846,189,0,508,4,0,1,73,1,0,0.0
9405826,181,0,351,3,0,1,111,0,0,0
9525388,6,0,28,0,0,2,60,0,1764,1764
9749318,0,0,30,0,0,1,3,0,0,0
9782149,106,0,485,41,0,1,106,0,1429,1429
9790925,44,0,309,0,0,1,18,0,1429,1429
9887978,225,0,179,3,0,1,69,0,0,0
10385903,5,0,0,0,0,1,2,3,1782,90.33333333333333
10395701,16,0,139,1,0,1,57,0,0,0
10406715,187,0,415,11,0,1,70,0,0,0
10731677,2,0,0,0,0,1,49,0,98,98
10964774,18,0,228,1,0,1,72,0,0,0
10976843,0,0,1,0,0,1,18,0,0,0
11257275,184,0,59,0,0,1,144,0,0,0
11342912,401,0,194,1,0,18,136,0,0,0
11426010,154,0,138,0,0,1,252,0,0,0
11443259,18,0,112,0,0,1,245,0,0,0
11443342,46,0,9,0,0,1,146,0,0,0
11448555,14,0,18,0,0,2,96,0,0,0
11477301,2,0,0,0,0,1,38,0,0,0
11477663,23,0,4,0,0,1,51,0,1401,1401
11478624,23,0,79,0,0,1,44,0,1817,1817
11617073,0,0,0,0,0,1,3,0,-6,-6
11696076,2,0,0,0,0,1,18,0,1823,1823
11752346,18,0,50,0,0,3,11,0,31,31
11755892,0,0,31,0,0,1,15,0,-2,-2
11787298,18,0,0,0,0,2,39,0,0,0
11790796,0,0,22,0,0,1,32,0,-2,-2
11794826,4,0,18,0,0,1,6,0,102,102
11800599,0,0,4,0,0,1,5,0,-1,-1
11833868,1617,0,846,0,0,3,683,0,1826,1826
11839447,2,0,0,0,0,1,26,0,-1,-1
11839709,0,0,0,0,0,1,3,0,0,0
11840343,0,0,52,0,0,1,25,0,0,0
11841941,0,0,2,0,0,1,3,0,0,0
11842278,0,0,2,0,0,1,5,0,0,0
11846079,8,0,0,0,0,1,23,0,0,0
11853794,2,0,0,0,0,1,28,0,0,0
11982903,0,0,0,0,0,1,12,4,-57,-508.5
11983965,67,0,0,1,0,1,213,4,-57,-508.5
12024565,7,0,119,1,0,1,69,0,0,0
12110254,29,0,89,0,0,1,43,0,0,0
12111308,92,0,260,2,0,1,205,0,0,0
12140506,21,0,0,0,0,1,25,0,0,0
12141673,122,0,129,0,0,26,139,0,1739,1739
12148630,33,0,110,2,0,1,72,0,0,0
12171080,43,0,0,1,0,1,20,0,0,0
12295898,1340,0,150,6,0,1,81,0,1496,0
12343724,4,0,0,0,0,1,6,0,1839,1839
12345053,2,0,0,0,0,1,4,0,1839,1839
12383805,119,0,849,3,0,25,95,0,0,0
12390611,76,0,0,0,0,1,38,0,0,0
12395686,89,0,67,0,0,1,145,0,0,0
12431658,113,0,167,0,0,1,85,2,0,-454.0
12437097,432,0,130,4,1,1,216,0,0,0
12440302,6,0,43,0,0,1,42,0,0,0
12441905,93,0,331,1,0,1,85,0,0,0
12446298,2,0,0,0,0,1,9,0,225,225
12531946,56,0,0,0,0,1,38,0,0,0
12537579,2,0,0,0,0,1,11,0,228,228
12593016,0,0,0,1,0,1,0,0,229,229
12594170,47,0,27,1,0,1,20,0,412,412
12598914,20,0,0,0,0,1,79,0,0,0
12598934,10,0,0,0,0,1,28,0,0,0
12601575,100,0,69,0,0,1,162,0,0,0
12628398,243,0,74,2,0,1,33,0,0,0
12632384,39,0,0,13,0,1,21,0,230,230
12638548,78,0,22,0,0,1,73,0,0,0
12638594,2,0,27,0,0,1,32,0,0,0
12639413,288,0,341,2,0,1,182,1,1502,0.0
12639964,0,0,55,0,1,1,3,0,0,0
12642024,0,0,0,0,0,1,19,0,230,230
12642091,0,0,0,0,0,1,1,0,230,230
12642391,0,0,0,0,0,1,1,0,230,230
12647012,163,0,227,2,0,1,164,1,1504,-1029.0
12672840,39,0,0,0,0,1,1,0,1505,1505
12680176,18,0,80,0,0,1,29,0,0,0
12680274,5,0,142,1,0,1,8,0,0,0
12688968,73,0,101,4,0,1,126,0,1505,1505
12690117,0,0,25,0,0,2,57,0,1505,0
12690720,4,0,5,0,0,1,74,0,0,0
12691066,66,0,12,0,0,1,26,0,0,0
12692752,2,0,0,0,0,1,30,0,0,0
12729678,6,0,0,0,0,1,73,0,1506,1506
12731901,20,0,2,0,0,1,15,0,1506,1506
12736136,0,0,0,1,1,1,26,0,232,232
12736742,19,0,4,0,5,2,227,0,0,0
12742252,31,0,30,0,0,1,123,0,1506,1506
12944913,15,0,36,0,0,1,56,0,1511,1511
12947287,0,0,0,0,0,1,28,0,237,237
12959813,0,0,0,0,0,1,16,0,0,0
12960302,2,0,7,0,0,1,84,0,1511,0
13006516,6,0,28,0,0,2,37,0,1512,0
13007869,4,0,0,0,0,1,6,0,1854,1854
13013925,4,0,52,1,0,2,60,0,1512,0
13067201,2,0,4,0,0,1,18,0,1513,0
13180189,5,0,0,0,0,1,50,0,1516,0
13340662,210,0,260,1,0,1,233,0,0,0
13591724,381,0,163,3,1,14,237,0,1764,0
13592009,0,0,1,0,0,1,28,0,1764,0
13610374,2,0,0,0,0,1,23,0,147,0
14265894,124,0,274,4,0,1,106,0,1539,1539
14268168,422,0,526,0,0,1,147,0,0,0
14283342,21,0,45,0,0,1,89,0,448,448
14284162,0,0,0,0,0,1,32,0,265,265
14339847,64,0,47,3,0,1,59,0,735,735
14381257,52,0,246,0,0,1,163,0,56,56
14550105,1,0,0,0,0,1,19,0,1887,1887
14561211,152,0,132,0,0,1,238,0,1887,1887
14564716,0,0,8,0,0,1,3,0,1545,0
14570023,7,0,20,0,0,1,50,0,1545,0
14571647,4,0,4,0,0,1,10,0,61,61
14882963,6,0,6,0,0,1,17,0,67,67
14894960,740,0,50,6,0,1,28,0,0,0
15012617,10,0,0,0,0,1,12,0,70,70
15063342,32,0,78,0,0,1,183,0,0,0
15187358,2,0,0,0,0,1,31,0,0,0
15375155,2,0,0,0,0,1,60,0,77,77
15420245,1,0,0,0,0,1,38,0,78,78
15781406,71,0,111,1,0,1,118,0,1911,1911
16042854,52,0,68,0,0,1,12,0,1576,1576
16046711,0,0,14,0,0,1,11,0,1576,1576
16052790,0,0,6,0,0,1,16,0,1576,1576
16159261,0,0,0,0,0,1,7,0,1579,1579
16164219,0,0,55,0,0,1,18,0,1579,1579
16292839,3,0,0,0,0,1,11,0,0,0
16292905,0,0,3,0,0,1,14,0,1582,0
16481883,0,0,0,0,0,1,8,0,1583,0
16492050,0,0,0,0,0,1,38,0,312,312
16606676,2,0,0,0,0,1,5,0,103,103
16676116,8,0,80,0,0,1,126,0,104,104
16794319,3,0,0,0,0,1,63,0,107,107
16904767,35,0,122,0,0,1,104,0,0,0
16968701,12,0,0,0,0,1,13,0,320,320
16971111,405,0,305,2,0,1,82,0,1595,1595
17035515,0,0,4,0,0,1,24,0,111,111
17097866,9,0,25,0,0,1,69,0,112,112
17154148,5,0,72,1,0,1,12,0,0,0
17163221,23,0,107,0,0,1,29,0,113,113
17168690,29,0,127,0,0,1,131,0,0,0
17292218,2,0,0,0,0,1,65,0,0,0
17311046,3,0,0,0,0,1,5,0,116,116
17311910,32,0,87,1,0,1,179,0,1592,0
17509595,776,0,956,4,0,1,186,0,1603,1603
17519859,85,0,37,0,0,1,90,0,1604,1604
17521757,93,0,0,0,0,1,7,0,1604,1604
17736584,149,0,631,1,0,1,201,0,123,123
17737749,49,0,39,0,0,1,27,0,0,0
17941134,0,0,2,0,0,1,66,0,1952,1952
17946853,2,0,4513,0,0,1,895,0,126,126
17998601,0,0,0,0,0,1,41,0,337,337
18001019,0,0,0,0,0,1,43,0,337,337
18151790,0,0,27,0,0,1,31,0,1614,0
18161600,2,0,0,0,0,1,23,0,0,0
18162515,14,0,4,0,0,1,84,0,1614,0
18163400,0,0,0,0,0,1,8,0,340,340
18170157,1,0,20,0,0,2,87,0,1614,0
18170369,23,0,20,0,0,1,97,0,1615,1615
18170929,169,0,75,0,0,2,76,0,1611,0
18213851,0,0,0,0,0,1,32,0,341,341
18220514,1792,0,0,87,0,1,0,0,341,341
18221171,4,0,55,0,0,1,29,0,644,644
18221769,0,0,0,0,24,1,33,0,341,341
18223077,0,0,0,11,0,1,1,0,341,341
18225466,74,0,0,0,0,1,278,0,1615,1615
18226359,2,0,0,0,0,1,32,0,1615,1615
18236835,3,0,0,0,0,1,194,0,1615,1615
18271163,0,0,6,0,0,1,3,0,0,0
18372723,113,0,1,0,0,1,27,0,1617,1617
18434652,12,0,13,0,0,1,26,0,1618,1618
18450726,116,0,111,2,0,1,224,0,647,647
18700050,2,0,277,0,0,1,20,0,138,138
19217142,6,0,229,0,0,1,32,0,1630,1630
19224288,20,0,75,1,0,1,47,0,1630,0
19224614,0,0,9,0,0,1,38,0,1630,0
19276049,12,0,0,1,0,1,1,0,1973,1973
19286510,37,0,558,0,0,1,185,0,1631,1631
19357143,16,0,45,0,0,1,5,0,541,541
19357174,6,0,30,0,0,1,8,0,541,541
19357202,4,0,46,0,0,1,23,0,541,541
19740823,70,0,218,3,0,1,102,0,1972,1972
19771907,154,0,0,5,0,1,21,0,0,0
20175360,15,0,37,0,0,1,144,0,160,160
20175392,0,0,191,0,0,1,21,0,160,160
20228917,27,0,275,0,0,1,21,0,160,160
20231361,3,0,0,0,0,1,3,0,160,160
20234658,2,0,0,0,0,1,38,0,160,160
20234842,2,0,0,0,0,1,5,0,160,160
20241963,85,0,40,0,0,1,18,0,840,840
20244997,16,0,0,0,0,1,8,0,1987,1987
20316105,29,0,84,1,0,1,213,0,0,0
20634292,3,0,0,0,0,1,44,0,0,0
20645836,7,0,0,0,0,2,19,0,0,0
20649378,31,0,18,0,0,1,110,0,0,0
20665044,5,0,84,1,0,1,126,0,0,0
20742845,36,0,0,0,0,1,22,0,484,0
20799838,57,0,58,0,0,1,159,0,1653,1653
21054112,87,0,176,0,0,1,65,0,0,0
21063228,50,0,49,0,0,1,82,0,0,0
21123275,2,0,5,0,0,1,41,0,1999,0
21123824,11,0,3,0,0,2,67,0,2000,2000
21129052,34,0,46,0,0,1,22,0,0,0
21129814,73,0,23,0,0,1,35,0,0,0
21129918,4,0,0,0,0,1,5,0,0,0
21130172,12,0,0,0,0,1,6,0,0,0
21130353,18,0,45,0,0,1,14,0,0,0
21130697,9,0,0,0,0,1,35,0,0,0
21132251,223,0,329,2,0,14,128,0,2000,0
21134311,2,0,365,0,0,1,41,0,0,0
21134550,9,0,8,0,0,1,55,0,2000,2000
21134900,1,0,5,0,0,1,106,0,0,0
21135132,2,0,0,0,0,1,26,0,0,0
21136334,28,0,0,0,0,1,42,0,0,0
21141706,93,0,36,0,0,6,78,0,979,0
21151403,61,0,156,0,0,1,83,0,0,0
21154359,450,0,338,4,0,1,88,0,1659,1659
21197648,29,0,0,0,0,1,78,0,0,0
21203456,14,0,0,0,0,1,10,0,0,0
21204437,74,0,205,0,0,6,70,0,2001,0
21452042,77,0,0,0,0,1,118,0,1663,1663
21452523,17,0,32,1,0,1,71,0,2005,2005
21516856,5,0,0,0,0,1,73,0,1664,0
21636879,91,0,147,0,0,1,202,0,1665,1665
21649633,0,0,17,0,0,1,33,0,1666,0
21704037,8,0,265,0,0,1,85,0,1666,1666
21718881,36,0,11,0,0,1,66,0,0,0
21719055,7,0,0,0,0,1,59,0,0,0
21719146,65,0,229,2,0,1,178,0,0,0
21778447,439,0,214,7,0,1,91,0,2009,2009
21799855,4,0,25,0,0,2,93,0,2009,2009
21800654,11,0,7,0,0,2,86,0,2009,2009
21801603,47,0,54,4,0,7,111,0,2009,2009
21801832,57,0,111,0,0,5,78,0,2009,2009
21802724,4,0,6,0,0,1,28,0,0,0
21863636,434,0,495,3,0,1,219,0,0,0
21894997,6,0,0,0,0,1,102,0,0,0
21895457,2,0,0,0,0,1,37,0,0,0
21956617,0,0,15,0,0,1,22,0,0,0
21964309,0,0,5,0,0,1,120,0,0,0
21964912,2,0,32,1,0,1,114,0,0,0
22015690,566,0,0,0,0,1,81,0,2078,0
22286026,433,0,0,6,2,1,49,0,461,0
22468475,4,0,0,0,0,1,38,0,251,0
22477222,4,0,0,0,0,1,15,0,0,0
22624275,9,0,12,1,0,1,111,0,1736,0
22627734,11,0,2,0,0,1,8,0,251,0
22639395,36,0,2,0,0,1,34,0,251,0
22687444,3,0,8,0,0,2,123,0,2078,0
22687817,5,0,6,0,0,2,99,0,2078,0
22706738,18,0,23,0,0,5,105,0,2078,0
22708738,0,0,194,0,0,1,25,0,251,0
22795766,4,0,0,0,0,1,77,0,0,0
23224769,16,0,37,0,0,1,99,0,1736,0
23466729,0,0,477,3,0,1,30,0,251,0
23542372,0,0,91,0,0,1,6,0,251,0
23548457,2,0,93,0,0,1,23,0,251,0
23548580,2,0,0,0,0,1,82,0,251,0
23553194,1,0,38,1,0,1,34,0,0,0
23612795,2,0,3,0,0,1,19,0,251,0
23629990,1,0,0,0,0,1,82,0,0,0
23687515,706,0,0,0,0,1,165,0,0,0
23691994,59,0,194,0,0,10,298,0,1736,0
24041352,18,0,0,0,0,1,17,0,0,0
24042831,6,0,16,0,0,1,102,0,0,0
24043774,58,0,80,2,0,3,0,0,130,0
24047370,14,0,0,0,0,1,117,0,0,0
24060098,152,0,73,1,0,3,104,0,0,0
24220359,0,0,0,0,0,1,16,0,1736,0
24222900,2,0,0,0,0,1,13,0,1736,0
24284264,333,0,26,2,0,1,91,0,0,0
24294444,12,0,6,0,0,2,96,0,2078,0
24295607,59,0,29,0,0,3,119,0,2078,0
24472688,74,0,70,0,3,1,11,0,33,0
24496385,0,0,5,0,0,1,1,0,0,0
24583065,85,0,98,0,0,1,382,0,0,0
24583378,10,0,0,0,0,1,29,0,0,0
24641026,2,0,0,0,0,1,39,0,1736,0
24663606,18,0,11,0,0,1,15,0,0,0
24663835,2,0,52,0,0,1,118,0,0,0
24663953,4,0,6,0,0,1,47,0,0,0
24667434,4,0,0,0,0,1,12,0,461,0
24668073,4,0,0,0,0,1,97,0,0,0
24723651,4,0,5,0,0,1,103,0,0,0
24752586,556,0,442,6,1,1,176,0,0,0
24809458,0,0,0,0,0,1,11,0,2078,0
24817518,27,0,0,0,0,1,147,0,0,0
24835371,8,0,0,0,0,1,15,0,26,0
24836529,8,0,0,0,0,1,16,0,1736,0
25005595,0,0,0,0,0,1,75,0,2078,0
25009269,15,0,0,0,0,1,153,0,0,0
25098347,15,0,32,0,0,1,20,0,0,0
25279207,275,0,51,2,0,1,295,0,0,0
25284600,149,0,81,1,0,1,333,0,0,0
25563812,4,0,0,0,0,1,32,0,1719,0
25632210,506,0,484,3,0,1,73,0,0,0
25637880,0,0,0,0,0,1,19,0,0,0
25649693,0,0,0,1,0,1,2,0,0,0
25897804,57,0,0,0,1,1,112,0,0,0
26182366,0,0,2,0,0,1,4,0,0,0
26201640,27,0,138,0,0,1,56,0,0,0
26244644,2,0,0,0,0,1,82,0,0,0
26265058,128,0,181,0,0,1,145,0,251,0
26346878,23,0,126,1,0,1,376,0,0,0
26421675,2,0,0,0,0,1,40,0,0,0
26421827,2,0,0,0,0,1,41,0,0,0
26684720,95,0,215,1,0,1,282,0,0,0
26697661,10,0,0,0,0,1,7,0,0,0
26698784,7,0,11,0,0,1,280,0,0,0
26711473,0,0,4,0,0,1,29,0,251,0
26790310,2,0,3,0,0,1,22,0,2078,0
26800128,248,0,671,2,0,1,121,0,251,0
26871473,0,0,10,0,0,1,23,0,251,0
26872342,0,0,2,0,0,1,24,0,251,0
26873718,0,0,8,0,0,1,25,0,251,0
26874627,239,0,0,0,0,1,18,0,0,0
26876946,8,0,0,0,0,1,85,0,251,0
26878644,98,0,142,2,0,1,127,0,2078,0
26889523,18,0,47,1,0,4,161,0,2078,0
26943492,3,0,0,0,0,1,157,0,2078,0
26973674,2,0,0,0,0,1,128,0,2100,0
27146824,2,0,0,0,0,1,42,0,0,0
27169606,2,0,25,0,0,1,11,0,0,0
27169939,2,0,9,0,0,1,15,0,0,0
27170847,45,0,46,0,0,1,45,0,0,0
27171165,1,0,4,0,0,1,7,0,0,0
27171424,2,0,0,0,0,1,12,0,0,0
27172924,2,0,0,0,0,1,22,0,0,0
27173417,0,0,28,0,0,1,38,0,0,0
27173497,0,0,10,0,0,1,41,0,0,0
27173653,2,0,0,0,0,1,33,0,0,0
27173894,5,0,23,0,0,1,25,0,0,0
27174172,1,0,2,0,0,1,13,0,0,0
27174346,1,0,8,0,0,1,12,0,0,0
27175443,3,0,0,0,0,1,43,0,0,0
27176938,37,0,0,0,0,1,144,0,0,0
27233691,54,0,55,0,0,6,243,0,2100,0
27235834,0,0,8,0,0,1,23,0,2100,0
27236505,85,0,197,0,0,1,198,0,0,0
27253114,0,0,7,0,0,1,14,0,2100,0
27265868,27,0,138,0,0,1,64,0,0,0
27266008,23,0,12,0,0,1,14,0,0,0
27266212,3,0,4,0,0,1,51,0,0,0
27266843,11,0,0,0,0,1,147,0,0,0
27322515,0,0,2,0,0,1,15,0,1758,0
27338536,0,0,0,0,0,1,77,0,0,0
27359019,13,0,54,0,0,1,42,0,0,0
27362007,7,0,0,0,0,1,137,0,0,0
27362361,0,0,6,0,0,1,19,0,1758,0
27364239,0,0,2,0,0,1,22,0,1758,0
27434878,0,0,4,0,0,1,15,0,1758,0
27440026,2,0,10,0,0,1,30,0,0,0
27454071,2,0,0,0,0,1,139,0,0,0
27706615,2,0,0,0,0,1,10,0,0,0
27707079,4,0,0,0,0,1,19,0,0,0
27717452,25,0,74,0,0,1,86,0,0,0
27730338,3,0,7,0,0,1,17,0,0,0
27730919,4,0,0,0,0,1,140,0,0,0
27805961,10,0,97,1,0,1,83,0,0,0
27806099,2,0,25,0,0,1,21,0,0,0
27813295,2,0,8,0,0,1,19,0,9,0
27822901,0,0,0,0,0,1,11,0,0,0
27823699,6,0,0,0,0,1,141,0,0,0
27873852,2,0,0,0,0,1,143,0,2100,0
27901966,38,0,61,0,0,2,153,0,0,0
27908688,4,0,5,0,0,1,179,0,0,0
27908957,2,0,0,0,0,1,145,0,0,0
27911063,4,0,14,0,0,1,27,0,0,0
27911177,3,0,0,0,0,1,146,0,0,0
27915104,33,0,19,0,0,1,37,0,0,0
27915232,2,0,0,0,0,1,147,0,0,0
28060070,8,0,0,0,0,1,28,0,1078,0
28068824,1,0,0,0,0,1,31,0,0,0
28095816,32,0,0,0,0,1,163,0,0,0
28168386,19,0,20,0,0,1,192,0,2100,0
28334698,42,0,6,0,0,1,149,0,273,0
28378322,32,0,0,0,0,1,180,0,0,0
28421347,1,0,0,0,0,1,90,0,0,0
28421444,5,0,0,0,0,1,36,0,0,0
28528738,2,0,0,0,0,1,10,0,0,0
28530407,134,0,135,3,0,1,100,0,0,0
28530661,4,0,0,0,0,1,154,0,0,0
28545466,3,0,0,0,0,1,13,0,0,0
28606631,113,0,0,0,0,1,201,0,0,0
28610615,2,0,0,0,0,1,92,0,0,0
28630972,5,0,0,0,0,1,27,0,1758,0
28787666,16,0,140,1,0,1,175,0,0,0
28790774,23,0,27,0,0,1,25,0,588,588
28817460,8,0,0,0,0,1,49,0,0,0
28820254,5,0,10,0,0,1,15,0,2103,2103
28820346,1,0,0,0,0,1,158,0,2103,2103
28821952,10,0,0,0,0,1,21,0,2103,2103
28994798,6,0,0,3,0,5,50,0,0,0
29083954,8,0,0,0,0,1,23,0,2106,2106
29338422,202,0,59,1,0,1,372,0,0,0
29532668,8,0,36,0,0,1,21,0,0,0
29542054,33,0,71,0,0,1,176,0,0,0
29723737,11,0,24,0,0,2,45,0,588,0
29723875,42,0,61,0,0,2,28,2,587,489.0
29729954,0,0,19,1,0,1,5,0,0,0
29984793,27,0,8,0,0,1,200,2,-2,1184.0
30009095,2,0,0,0,0,1,14,0,0,0
30217206,19,0,0,0,0,1,298,0,294,294
30688748,397,0,0,0,0,1,172,0,0,0
30709326,15,0,13,0,0,1,138,0,300,300
30776653,228,0,97,0,1,3,241,0,2127,2127
30942423,140,0,667,0,0,1,451,0,305,0
31114292,7,0,12,0,0,1,198,0,305,305
31178920,126,0,12,0,0,1,466,0,305,305
31283215,131,0,410,3,0,1,424,3,1562,-324.0
31349418,4,0,0,0,0,1,11,0,307,307
31349456,4,0,0,0,0,1,12,0,307,307
31374300,16,0,16,0,0,1,201,0,308,308
31374389,16,0,16,0,0,1,202,0,308,308
31380808,16,0,16,0,0,1,204,0,308,308
31386424,7,0,48,1,0,2,12,0,306,306
31387528,20,0,18,0,0,2,13,0,308,308
31551290,2,0,0,0,0,1,23,0,310,310
31638262,118,0,221,1,0,1,160,0,0,0
31647771,2,0,0,0,0,1,21,0,2138,2138
31649378,21,0,0,0,0,1,195,0,0,0
31747040,46,0,39,0,0,1,208,0,991,991
31845613,8,0,0,0,0,1,25,0,2140,2140
31930934,8,0,12,0,0,1,204,0,0,0
31963260,37,0,101,0,0,1,96,0,0,0
31964741,2,0,10,0,0,1,73,0,0,0
31964820,25,0,0,0,0,1,60,0,0,0
31964999,284,0,169,3,0,1,318,0,0,0
31965097,10,0,15,0,0,1,40,0,0,0
31965312,41,0,28,0,0,1,34,0,0,0
31965354,2,0,0,0,0,1,16,0,0,0
31965602,2,0,8,0,0,1,11,0,0,0
31965662,9,0,0,0,0,1,62,0,0,0
31966272,5,0,10,0,0,1,24,0,0,0
31966615,3,0,4,0,0,1,34,0,0,0
31966825,25,0,0,0,0,1,190,0,0,0
32024329,2,0,0,1,0,1,27,0,0,0
32024454,2,0,4,0,0,1,59,0,0,0
32024853,2,0,44,0,0,1,20,0,0,0
32025770,7,0,0,0,0,1,191,0,0,0
32101598,96,0,10,0,0,1,381,0,316,316
32101649,96,0,10,0,0,1,382,0,316,316
32108517,6,0,70,0,0,1,207,0,316,316
32118668,125,0,33,0,0,1,236,0,317,317
32160486,1,0,2734,1,0,1,240,0,1802,1802
32249029,0,0,210,1,0,1,15,0,318,318
32262642,2,0,0,0,0,1,30,0,2145,2145
32273019,0,0,4,0,0,1,16,0,319,319
32290458,171,0,4,0,0,1,656,0,319,319
32296913,1,0,0,0,0,1,196,0,0,0
32297000,0,0,2,0,0,1,5,0,0,0
32346866,72,0,36,12,0,1,301,0,0,0
32354194,96,0,0,0,0,1,90,0,2146,2146
32360618,4,0,0,0,0,1,124,0,1804,1804
32365015,377,0,783,16,0,1,219,0,1804,1804
32366951,25,0,0,0,0,2,91,0,1804,0
32369342,60,0,11,0,0,1,287,0,0,0
32374010,19,0,0,0,0,1,86,0,319,319
32374845,9,0,0,0,0,1,55,0,1804,1804
32375583,189,0,135,2,0,1,270,1,2146,0.0
32389262,0,0,21,0,0,1,21,0,0,0
32451402,779,0,1124,9,0,1,477,0,0,0
32453155,204,0,310,14,8,1,235,0,0,0
32573581,2,0,0,0,0,1,235,0,0,0
32574788,27,0,41,0,0,1,289,0,321,321
32581954,5,0,0,0,0,1,260,0,0,0
32582747,9,0,157,0,0,1,386,0,0,0
32594071,0,0,0,0,0,1,34,0,0,0
32653288,14,0,22,0,0,1,226,0,0,0
32659993,2,0,0,0,0,1,6,0,2148,0
32667355,0,0,0,0,0,1,3,0,322,322
32681401,9,0,0,0,0,2,66,0,0,0
32683295,0,0,0,0,0,1,37,0,0,0
32865306,6,0,0,0,0,2,26,0,0,0
32866531,81,0,208,0,0,8,249,0,2152,2152
33112433,15,0,0,0,0,1,226,0,328,328
33120136,18,0,8,0,0,1,250,0,328,328
33125963,18,0,0,0,0,1,256,0,328,328
33191550,26,0,33,0,0,1,264,0,328,328
33210904,44,0,31,0,0,1,321,0,328,328
33216795,2,0,0,0,0,1,47,0,1813,1813
33231009,85,0,22,0,0,1,272,0,329,329
33231023,181,0,205,0,0,1,305,0,329,329
33308454,4,0,11,0,0,1,281,0,329,329
33308476,131,0,0,0,0,1,240,0,329,329
33312143,81,0,190,0,0,1,324,0,0,0
33328657,19,0,1,0,0,1,352,0,0,0
33331104,27,0,7,0,0,4,258,0,2156,2156
33372513,13,0,79,0,0,1,422,0,330,330
33372670,13,0,14,0,0,1,261,0,330,330
33400539,24,0,0,0,0,1,25,0,331,331
33400553,24,0,0,0,0,1,26,0,331,331
33522806,15,0,58,1,0,1,44,0,60,60
33644446,167,0,486,0,5,1,484,0,0,0
33648218,9,0,0,0,0,1,11,0,334,334
33752667,14,0,4,0,0,2,109,0,0,0
33838810,50,0,96,0,0,1,333,0,0,0
33861823,2,0,0,0,0,1,112,0,0,0
33868395,0,0,4,0,0,1,3,0,0,0
33891979,176,0,974,0,0,12,287,0,2163,2163
33901715,36,0,22,0,0,4,288,0,2163,2163
33959718,6,0,338,0,1,1,374,0,0,0
34007008,140,0,627,0,0,1,377,0,0,0
34208749,0,0,7,0,0,1,12,0,0,0
34319702,0,0,8,0,0,1,38,0,0,0
34325424,484,0,461,3,1,1,546,0,1826,1826
34333627,3,0,0,0,0,2,115,0,2156,0
34431749,60,0,3,0,0,1,17,0,0,0
34515777,60,0,3,0,0,1,17,0,0,0
34526055,488,0,381,6,0,3,185,0,0,0
34553203,37,0,0,0,0,1,97,0,0,0
34646483,24,0,69,0,0,1,340,1,0,343.0
34836780,1,0,0,0,0,1,8,0,2174,2174
34850178,0,0,0,0,0,1,8,0,347,347
34867181,170,0,0,0,0,1,71,0,0,0
34872015,0,0,12,0,0,1,15,0,348,348
34886333,5,0,0,0,0,1,157,0,348,348
34958156,8,0,15,0,0,1,290,0,349,349
34966646,0,0,10,0,0,1,5,0,349,349
34968890,33,0,64,0,0,1,308,0,349,349
34968923,6,0,12,0,0,1,285,0,349,349
35034126,2,0,55,1,0,1,4,0,1028,1028
35155249,8,0,71,0,0,1,73,0,0,0
35173288,216,0,231,5,0,1,210,0,0,0
35387202,2,0,0,0,0,1,48,0,1838,1838
35387787,10,0,10,0,0,1,514,0,0,0
35456401,0,0,13,0,0,1,77,0,0,0
35473893,0,0,2,0,0,1,54,0,0,0
35549234,27,0,0,0,0,1,70,0,0,0
35589976,0,0,34,0,0,1,21,0,0,0
35700674,0,0,2,0,0,1,7,0,0,0
35776152,909,0,1353,16,0,1,269,0,70,0
35944261,250,0,352,6,0,1,457,0,60,0
36091058,299,0,47,0,0,1,306,0,0,0
36202929,126,0,65,1,0,1,538,0,0,0
36287271,0,0,0,0,0,1,52,0,55,0
36287786,0,0,0,0,0,1,13,0,55,0
36288182,0,0,0,0,0,1,5,0,55,0
36400499,6,0,0,0,0,1,193,0,2245,0
36404260,51,0,0,0,0,1,307,0,419,0
36442453,2,0,0,0,0,1,69,0,419,0
36581847,486,0,1186,6,1,1,215,0,60,0
36593345,2,0,4,0,0,1,67,0,70,0
36595661,0,0,3,0,0,1,2,0,0,0
36614159,0,0,7,0,0,1,2,0,0,0
36621884,1,0,0,0,0,1,282,0,419,0
36694533,84,0,150,1,0,1,20,0,70,0
36707320,22,0,10,0,0,1,106,0,70,0
36707356,3,0,7,0,0,1,70,0,70,0
36707377,32,0,0,0,0,1,26,0,70,0
36707404,0,0,1,0,0,1,24,0,70,0
36707431,0,0,9,0,0,1,83,0,70,0
36707449,0,0,6,0,0,1,49,0,70,0
36801407,38,0,459,0,0,13,349,0,2245,0
36820893,285,0,170,0,0,1,538,0,0,0
36889887,10,0,0,0,0,1,41,0,0,0
36891229,31,0,5,0,0,1,77,0,0,0
36931029,2,0,0,0,0,1,289,0,419,0
36980300,5,0,15,0,0,1,72,0,0,0
37048935,0,0,11,0,0,1,41,0,2245,0
37069852,1,0,0,0,0,1,10,0,0,0
37226552,2,0,0,0,0,1,110,0,1903,0
37309669,1,0,0,0,0,1,290,0,0,0
37314579,0,0,85,0,0,1,5,0,419,0
37344575,239,0,200,2,2,1,140,0,60,0
37404728,52,0,268,0,0,1,15,0,70,0
37410662,2,0,2,0,0,1,8,0,0,0
37413031,7,0,0,0,0,1,29,0,0,0
37413517,2,0,0,0,0,1,30,0,0,0
37422392,1,0,0,0,0,1,291,0,0,0
37443526,37,0,203,2,0,1,976,0,60,0
37496294,0,0,35,0,0,1,269,0,2245,0
37530539,2,0,28,0,0,1,44,0,0,0
37533979,13,0,21,0,0,1,41,0,0,0
37625677,4,0,0,0,0,1,164,0,60,0
37633494,11,0,420,0,0,1,331,0,0,0
37634589,2,0,19,2,0,1,64,0,0,0
37634892,22,0,138,0,0,1,14,0,0,0
37638920,15,0,26,0,0,1,36,0,0,0
37639029,2,0,0,0,0,1,32,0,0,0
37639141,33,0,27,0,0,1,19,0,0,0
37639490,119,0,41,0,0,1,54,0,0,0
37639683,2,0,0,0,0,1,113,0,0,0
37639843,2,0,2,0,0,1,29,0,0,0
37647259,5,0,28,0,0,1,26,0,0,0
37647365,9,0,9,0,0,1,47,0,0,0
37647610,6,0,8,0,0,1,17,0,0,0
37647727,5,0,11,0,0,1,90,0,0,0
37647837,87,0,81,2,0,1,64,0,0,0
37648438,64,0,46,0,0,1,81,0,0,0
37648681,15,0,4,2,0,1,36,0,0,0
37648972,2,0,0,0,0,1,15,0,0,0
37649814,3,0,19,0,0,1,69,0,0,0
37650149,36,0,31,0,0,1,39,0,0,0
37650784,225,0,3,1,0,1,11,0,0,0
37666976,18,0,22,0,0,1,120,0,0,0
37666977,3,0,16,0,0,1,95,0,0,0
37821294,0,0,7,0,0,1,8,0,70,0
37845357,6,0,8,0,0,1,15,0,70,0
37848426,67,0,0,0,0,1,342,0,0,0
37857467,4,0,9,0,0,1,9,0,60,0
37937687,6,0,139,0,0,1,344,0,0,0
37969133,2,0,0,0,0,1,16,0,419,0
37979098,4,0,0,0,0,1,26,0,419,0
37979153,4,0,0,0,0,1,27,0,419,0
38069419,3,0,0,0,0,1,352,0,0,0
38175427,0,0,2,0,0,1,27,0,0,0
38178884,4,0,0,0,0,1,29,0,419,0
38182207,7,0,89,0,0,1,375,0,419,0
38185353,2,0,8,0,0,1,54,0,0,0
38186286,29,0,89,0,0,1,529,0,0,0
38197307,112,0,127,1,0,1,452,0,0,0
38307264,667,0,257,4,0,1,256,0,60,0
38523029,0,0,154,0,0,1,65,0,419,0
38550262,5,0,25,0,0,1,183,0,0,0
38623730,0,0,4,0,0,1,12,0,0,0
38631493,13,0,34,0,0,1,107,0,0,0
38631581,7,0,0,0,0,1,38,0,0,0
38631707,2,0,16,0,0,1,51,0,0,0
38631861,17,0,0,0,0,1,4,0,0,0
38633283,6,0,0,0,0,1,31,0,0,0
38633462,4,0,4,0,0,1,74,0,0,0
38633545,248,0,798,8,0,1,219,0,0,0
38635160,13,0,0,0,0,1,344,0,0,0
38648577,6,0,9,0,0,1,25,0,70,0
38649287,2,0,0,1,0,1,136,0,70,0
38650754,1,0,0,0,0,1,345,0,70,0
38707974,6,0,0,0,0,1,104,0,0,0
38722093,40,0,0,0,0,1,106,0,0,0
38742641,4,0,10,0,0,1,18,0,70,0
38747718,30,0,266,1,0,1,33,0,0,0
38752708,20,0,7,0,0,1,22,0,70,0
38785737,0,0,0,0,0,1,40,0,419,0
38839276,264,0,84,5,0,1,512,0,70,0
38856117,103,0,222,0,0,1,441,0,0,0
38933017,11,0,0,0,0,1,371,0,70,0
38933238,35,0,72,0,0,1,24,0,70,0
38934735,1,0,0,0,0,1,350,0,70,0
38951715,1274,0,1766,8,2,1,798,0,419,0
38952652,1,0,0,0,0,1,15,0,419,0
38965518,14,0,8,0,0,1,87,0,0,0
38966034,4,0,5,0,0,1,19,0,0,0
38966162,3,0,0,0,0,1,24,0,0,0
38966277,1,0,0,0,0,1,26,0,0,0
38967350,29,0,0,0,0,1,374,0,419,0
38969685,40,0,0,0,0,1,360,0,0,0
39091914,0,0,9107,0,0,1,674,0,419,0
39099971,20,0,0,0,42,1,23,0,0,0
39173837,4,0,0,0,0,1,404,0,0,0
39291569,0,0,23,2,0,1,54,0,419,0
39304518,5,0,23,0,0,1,8,0,22,0
39308785,0,0,2,0,0,1,13,0,0,0
39313729,3,0,6,0,0,2,365,0,2245,0
39324426,606,0,0,0,0,1,77,0,419,0
39402702,0,0,11,3,0,1,8,0,419,0
39413375,0,0,2,0,0,1,107,0,0,0
39518806,58,0,70,0,0,1,249,0,0,0
39522366,4,0,0,0,0,1,46,0,60,0
39551416,0,0,4,0,0,1,8,0,0,0
39609862,0,0,0,0,0,1,45,0,2245,0
39892037,0,0,0,0,0,2,59,0,55,0
39975309,7,0,0,0,0,1,153,0,70,0
40096853,0,0,4,0,0,1,9,0,0,0
40124627,7,0,0,0,0,1,36,0,0,0
40347042,8,0,9438,1,0,1,2273,0,0,0
40358179,17,0,28,0,0,1,280,0,0,0
40361418,2510,0,0,1,0,1,0,0,1903,0
40367443,10,0,16,0,0,1,230,0,0,0
40407879,244,0,352,0,0,1,480,0,419,0
40440085,9,0,14,0,0,1,20,0,0,0
40443968,282,0,570,1,0,1,558,0,0,0
40587518,11,0,0,0,0,1,6,0,70,0
40717512,12,0,0,0,0,1,13,0,70,0
40849354,0,0,8,0,0,1,29,0,0,0
40929350,2,0,0,0,0,1,10,0,421,0
40932621,61,0,14,0,1,1,497,0,421,0
40934419,176,0,115,4,0,1,516,0,511,0
41020483,24,0,84,0,0,3,24,0,1995,0
41032320,34,0,0,0,0,1,56,0,511,0
41313802,12,0,0,0,0,1,15,0,162,0
41329185,55,0,25,0,0,1,308,0,0,0
41402349,2,0,0,0,0,1,117,0,0,0
41441146,66,0,6,0,0,1,238,0,511,0
41502149,34,0,0,0,0,1,56,0,511,0
41514841,4,0,63,1,0,1,9,0,0,0
41535795,66,0,6,0,0,1,238,0,511,0
41536983,4,0,63,1,0,1,10,0,153,0
41553467,158,0,78,0,0,1,151,0,0,0
41769003,0,0,28,0,0,1,40,0,511,0
41926425,177,0,26,0,0,1,127,0,0,0
42003857,0,0,0,0,0,1,51,0,0,0
42118856,88,0,0,1,0,1,2,0,2541,0
42119799,8,0,22,0,0,1,456,0,0,0
42132295,2,0,4,0,0,1,240,0,511,0
42140358,0,0,0,0,0,1,0,0,511,0
42141810,90,0,79,0,0,1,1073,0,153,0
42145632,0,0,0,0,0,1,52,0,67,67
42228300,10,0,0,0,0,4,577,0,1995,0
42406604,3,0,0,0,0,1,5,0,83,0
42407806,5,0,0,0,0,1,7,0,83,0
42817416,19,0,0,0,0,1,249,0,2541,0
42900535,16,0,13,0,0,1,84,0,511,0
42909031,19,0,0,0,1,1,9,0,0,0
42932286,2,0,0,0,0,1,52,0,511,0
42932330,2,0,0,0,0,1,140,0,511,0
43373828,6,0,2,0,0,1,39,0,162,0
43377549,1,0,0,0,0,1,382,0,162,0
43398262,159,0,633,1,0,1,729,0,511,0
43404132,4,0,0,0,0,1,5,0,1995,0
43405109,0,0,0,1,0,1,0,0,147,0
43500137,0,0,1,0,0,1,43,0,0,0
43504954,11,0,26,0,0,1,399,0,0,0
43539141,1,0,0,0,0,1,8,0,1190,0
43650024,25,0,0,0,0,1,474,0,0,0
43656871,3,0,0,0,0,1,421,0,0,0
43657256,13,0,53,0,0,1,5,0,1995,0
43679135,4,0,34,0,0,1,61,0,0,0
44013454,0,0,2,0,0,1,4,0,162,0
44050444,0,0,86,0,0,1,67,0,162,0
44109204,23,0,42,0,0,1,466,0,0,0
44117217,2,0,21,0,0,1,12,0,162,0
44117780,7,0,158,0,0,1,80,0,1995,0
44118314,1,0,0,0,0,1,398,0,162,0
44124755,1,0,0,0,0,1,399,0,1995,0
44152686,6,0,10,0,0,1,24,0,0,0
44153209,5,0,0,0,0,1,401,0,0,0
44153853,3,0,0,0,0,1,402,0,162,0
44158573,49,0,269,0,0,1,127,0,0,0
44158935,2,0,0,0,0,1,404,0,0,0
44159236,6,0,529,0,0,1,439,0,511,0
44185029,19,0,0,0,0,1,407,0,0,0
44349782,252,0,605,3,0,1,578,0,153,0
44352719,9,0,4,1,0,1,190,0,2337,0
44397450,10,0,0,0,0,1,25,0,162,0
44496252,13,0,27,0,0,1,140,0,162,0
44504487,537,0,0,0,0,1,98,0,153,0
44506004,7,0,0,0,0,1,43,0,89,89
44777609,130,0,317,2,0,1,106,0,0,0
44870989,0,0,11,0,0,1,3,0,0,0
44978493,161,0,92,0,0,1,66,0,0,0
45297628,2,0,0,0,0,1,10,0,0,0
45354303,16,0,7,0,0,1,496,0,83,0
45406208,1068,0,2281,30,0,1,1202,0,153,0
45560780,0,0,204,0,0,3,20,0,101,101
45977298,2,0,0,0,0,1,21,0,101,101
46010913,10,0,30,0,0,1,46,0,101,101
46344796,8,0,0,0,0,1,18,0,2541,0
46362399,3,0,0,0,0,1,20,0,2541,0
46519913,4,0,14,0,0,1,20,0,1190,0
46597778,2,0,0,0,0,1,3,0,1149,1149
46688790,2,0,0,0,0,1,62,0,1149,1149
46745814,0,0,0,0,0,1,56,0,511,0
46750194,0,0,9,0,0,1,8,0,162,0
46759812,3,0,0,0,0,1,16,0,124,124
46771682,9,0,71,0,0,1,454,0,511,0
46771944,24,0,60,0,0,1,428,0,511,0
46794915,200,0,82,2,0,1,555,0,511,0
46899298,10,0,6,0,0,1,142,0,162,0
46944119,3,0,0,0,0,1,17,0,1190,0
47016555,5,0,8,0,0,1,35,0,1190,0
47047753,1,0,0,0,0,1,22,0,2541,0
47056802,9,0,31,0,0,1,501,0,511,0
47147437,3,0,0,0,0,1,62,0,0,0
47186661,40,0,66,0,0,1,251,0,0,0
47388693,2,0,0,0,0,1,80,0,0,0
47527640,4,0,0,0,0,1,22,0,0,0
47530376,0,0,15,0,0,1,34,0,0,0
47677935,43,0,0,0,0,1,601,0,1190,0
47682290,26,0,33,0,0,1,528,0,511,0
47690465,46,0,6,0,0,3,34,0,0,0
47705842,0,0,4,0,0,1,10,0,0,0
47801762,4,0,0,0,0,1,11,0,0,0
47938165,16,0,0,0,0,1,59,0,511,0
47975982,2,0,0,0,0,1,29,0,511,0
47992950,7,0,0,0,0,1,44,0,162,0
47993149,1,0,0,0,0,1,428,0,162,0
48077425,0,0,7,0,0,1,48,0,134,134
48084043,0,0,2,0,0,1,49,0,134,134
48096255,2,0,0,0,0,2,23,0,134,134
48115004,1266,0,0,0,0,1,95,0,135,0
48119600,1266,0,0,0,0,1,95,0,0,0
48262105,0,0,7,0,0,1,50,0,511,0
48264324,13,0,17,0,0,1,48,0,511,0
48264495,2,0,0,0,0,1,430,0,511,0
48265207,4,0,50,0,0,1,454,0,511,0
48265321,1,0,0,0,0,1,12,0,511,0
48265808,225,0,543,2,0,1,570,0,511,0
48266338,14,0,23,0,0,1,458,0,511,0
48266699,23,0,13,0,0,1,741,0,511,0
48267079,29,0,76,0,0,6,474,0,0,0
48275968,23,0,68,0,0,1,480,0,511,0
48279082,18,0,43,1,0,1,465,0,511,0
48279616,32,0,50,1,0,1,548,0,511,0
48282468,179,6,332,2,0,6,443,0,0,0
48283324,2,0,0,0,0,1,63,0,511,0
48283369,2,0,0,0,0,1,98,0,511,0
48284994,149,0,196,2,0,1,451,0,511,0
48286286,0,0,0,0,0,1,58,0,511,0
48300672,4,0,11,0,0,1,124,0,511,0
48362863,4,0,15,0,0,1,48,0,162,0
48363283,1,0,0,0,0,1,448,0,162,0
48370463,4,0,204,0,0,2,473,0,138,0
48389511,4,0,204,0,0,1,475,0,153,0
48427612,10,0,30,0,0,1,49,0,153,0
48441882,0,0,0,0,0,1,3,0,129,129
48493652,2,0,0,0,0,1,31,0,162,0
48536903,163,2,124,0,0,18,549,0,139,139
48537685,12,0,0,0,0,1,451,0,139,139
48539360,125,0,99,2,0,1,328,0,1995,0
48545562,143,0,124,0,0,1,968,0,511,0
48546011,38,0,0,0,0,1,38,0,1995,0
48546433,1,0,0,0,0,1,39,0,1995,0
48546783,0,0,4,0,0,1,11,0,2337,0
48637299,0,0,2,0,0,1,10,0,0,0
48650057,0,0,2,0,0,1,11,0,511,0
48668704,39,0,332,0,0,6,477,0,0,0
48675465,3,0,0,0,0,1,65,0,511,0
48675551,2,0,0,0,0,1,4,0,511,0
48681936,31,0,184,0,0,1,483,0,153,0
48710295,2,0,0,0,0,1,25,0,41,0
48743726,0,0,0,1,0,2,0,0,-38,0
48745626,0,0,0,1,0,1,2,0,1316,0
49148879,0,0,0,0,0,1,35,0,1268,1268
49380369,2,0,0,0,0,1,147,0,1274,0
49389164,2,0,0,0,0,1,148,0,511,0
49389287,8,0,24,0,0,1,143,0,0,0
49391156,1,0,0,0,0,1,455,0,0,0
49396053,9,0,24,0,0,1,582,0,511,0
49399700,1,0,0,0,0,1,26,0,0,0
49399891,2,0,0,0,0,1,26,0,0,0
49408976,0,0,0,0,0,1,36,0,0,0
49421432,9,0,0,0,0,1,481,0,680,0
49480074,2,0,81,0,1,1,155,1,664,495.0
49494135,2,0,81,0,1,1,156,0,153,0
49498168,1097,0,660,1,0,20,616,3,91,556.0
49502454,625,0,502,1,0,1,637,0,511,0
49507281,2,0,0,0,0,1,37,0,0,0
49509094,2,0,0,0,0,1,38,0,1190,0
49529342,2,0,0,0,0,1,2,0,1175,0
49644215,2,0,0,0,0,1,3,0,511,0
49652914,9,0,30,0,0,2,183,0,0,0
49657873,8,0,0,0,0,2,102,2,0,1238.5
49695403,17,0,30,0,0,1,187,0,511,0
49808335,20,0,45,0,0,2,443,0,0,0
49812876,20,0,45,0,0,2,443,0,1995,0
49926792,4,0,0,0,0,1,7,0,0,0
49934706,4,0,0,0,0,1,8,0,1316,0
49960742,24,0,17,0,0,2,15,0,1278,1278
49962274,0,0,16,0,0,1,14,0,1278,1278
50085666,0,0,0,0,0,1,4,0,162,0
50105745,0,0,21,0,0,3,21,0,152,152
50128152,113,0,112,0,0,5,543,0,152,152
50135809,0,0,3,0,0,1,18,0,152,152
50137876,16,0,0,0,0,1,138,0,152,152
50140436,2,0,0,0,0,1,27,0,2541,0
50140533,1,0,0,0,0,1,29,0,2337,0
50141476,2,0,0,0,0,1,13,0,0,0
50141685,3,0,0,0,0,1,31,0,2337,0
50145183,105,0,109,0,0,1,551,0,511,0
50150806,147,0,270,0,0,8,851,0,2337,0
50212232,30,0,10,0,0,2,46,0,0,0
50245975,1,0,0,0,0,1,32,0,0,0
50370208,40,0,66,0,0,1,269,0,0,0
50391936,1256,0,551,2,0,15,120,0,0,0
50397401,34,0,26,0,0,1,74,0,0,0
50408613,2,0,0,0,0,1,7,4,0,695.75
50412733,550,0,1473,2,0,1,136,0,1995,0
50413321,3,0,0,0,0,1,461,0,1995,0
50420720,7,0,12,0,0,1,36,0,0,0
50426763,2,0,0,0,0,1,151,0,0,0
50435869,4,0,20,0,0,1,59,0,0,0
50439203,527,0,410,4,0,5,289,0,0,0
50439625,56,0,80,0,0,1,96,0,0,0
50484431,2,0,0,0,0,1,462,0,0,0
50493159,2,0,0,0,0,1,463,0,1316,0
50511865,36,0,187,0,0,1,25,0,1995,0
50516428,2,0,0,0,0,1,152,0,1995,0
50531671,712,0,1233,20,0,5,579,0,2337,0
50540314,0,0,484,0,0,1,1,0,0,0
50543964,0,0,484,0,0,1,2,0,162,0
50544084,0,0,8,0,0,2,54,0,153,0
50551484,0,0,4,0,0,1,56,0,162,0
50554451,30,0,10,0,0,1,48,0,162,0
50555034,1,0,0,0,0,1,465,0,162,0
50555972,52,0,60,0,0,1,47,0,162,0
50557314,1,0,0,0,0,1,466,0,162,0
50567839,1,0,0,0,0,1,33,0,2541,0
50624121,47,0,136,0,0,1,556,0,0,0
50660676,47,0,136,0,0,1,557,0,83,0
50664128,7,0,12,0,0,1,37,0,153,0
50665739,4,0,20,0,0,1,60,0,153,0
50670074,7,0,0,0,0,1,469,0,146,146
50703614,9,0,7,0,0,2,97,0,146,146
50707476,0,0,2,0,0,1,76,3,-10,497.3333333333333
50707541,2,0,136,0,0,2,16,0,146,146
50709291,528,0,417,4,0,1,299,0,511,0
50713442,2,0,116,0,0,1,18,0,153,0
50713509,7,0,0,0,0,1,470,0,153,0
51002592,16,0,0,0,0,1,39,0,147,147
51019703,0,0,8,0,0,2,36,0,149,0
51079200,250,0,205,4,0,8,775,0,1316,0
51082675,339,0,253,0,0,1,248,0,0,0
51084559,189,0,77,0,0,19,570,0,2337,0
51094819,28,0,0,0,0,1,530,0,511,0
51144182,185,0,19,0,0,4,43,3,0,618.3333333333334
51157371,175,0,19,0,0,1,47,0,511,0
51162335,2,0,0,0,0,1,8,0,0,0
51165962,2,0,0,0,0,1,475,0,0,0
51284741,2,0,0,0,0,1,32,0,0,0
51284909,4,0,0,0,0,1,482,0,511,0
51307732,0,0,6,0,0,1,30,0,0,0
51310821,0,0,2,0,0,1,31,0,0,0
51310978,1,0,0,0,0,1,87,0,0,0
51312100,5,0,0,0,0,1,10,0,0,0
51312271,4,0,0,0,0,1,55,0,0,0
51312493,4,0,0,0,0,1,27,0,0,0
51312749,104,0,0,0,0,1,63,0,0,0
51312928,10,0,0,0,0,1,17,0,0,0
51323734,128,0,0,0,0,1,229,0,511,0
51391764,341,0,261,0,0,1,257,0,162,0
51394444,2,0,1,0,0,1,22,2,162,675.5
51397713,0,0,3,0,0,1,47,0,162,162
51398962,2,0,1,0,0,1,23,0,511,0
51407509,2,0,0,0,0,1,34,0,0,0
51407728,1,0,0,0,0,1,34,0,0,0
51409911,0,0,3,0,0,1,48,0,0,0
51433301,462,0,0,0,0,3,555,0,0,0
51446488,462,0,0,0,0,1,558,0,162,0
51586105,3,0,0,0,0,1,34,0,162,162
51865646,348,0,163,0,0,1,623,0,543,0
51886766,3,0,0,0,0,1,35,0,28,0
51918788,58,0,0,0,0,3,112,2,-4,1253.0
51922267,48,0,0,0,0,1,115,0,543,0
52145539,6,0,0,0,0,1,43,0,0,0
52212479,1,0,0,0,0,1,38,0,0,0
52214620,1,0,0,0,0,1,39,0,185,0
52306119,4,2,0,0,0,1,20,0,2027,0
52370916,10,0,0,0,0,5,261,0,0,0
52371667,6,0,0,0,0,1,34,0,0,0
52376958,0,0,39,0,0,1,8,0,0,0
52392656,2,0,14,0,0,2,101,0,0,0
52466759,8,0,0,0,0,1,28,0,0,0
52488788,2,0,0,0,0,1,242,0,0,0
52493925,0,0,4,0,0,1,9,3,0,606.3333333333334
52498972,52,0,5,0,0,4,54,0,0,0
52511943,14,0,39,0,0,1,274,0,194,0
52512078,24,0,5,0,0,1,58,0,194,0
52512162,8,0,0,0,0,1,29,0,194,0
52512605,12,0,0,0,0,1,539,0,194,0
52770905,10,0,0,0,0,1,44,0,171,171
52776842,3,0,28,0,0,1,58,0,171,171
52781475,1,0,0,0,0,1,46,0,173,0
52785246,12,0,28,0,0,1,60,0,194,0
52800519,3,0,14,0,0,1,106,0,194,0
52836833,2,0,0,0,0,1,37,0,2573,0
52836954,1,0,0,0,0,1,39,0,2573,0
52930199,5,0,10,0,0,1,24,5,0,536.8
52936521,7,0,0,0,0,1,41,0,0,0
52942855,5,0,10,0,0,1,25,0,21,0
52955754,1,0,0,0,0,1,31,0,0,0
52961948,5,0,0,0,0,1,28,0,1,0
52968192,0,0,0,0,0,1,5,0,0,0
52972039,5,0,0,0,0,1,32,0,1222,0
52973910,0,0,0,0,0,1,6,0,543,0
52974397,1,0,0,0,0,1,34,0,194,0
52984683,0,0,2,0,0,1,9,0,21,0
52989157,3,0,0,0,0,1,21,0,1,1
53025591,3,0,0,0,0,1,44,0,115,0
53030329,89,0,0,0,0,1,563,0,1348,0
53042049,1,0,0,0,0,1,45,0,0,0
53109800,161,0,154,0,0,4,725,2,0,341.0
53123091,161,0,144,0,0,1,729,0,543,0
53124580,13,0,17,0,0,1,17,0,0,0
53148953,2,0,0,0,0,1,244,0,0,0
53190199,1,0,0,0,0,1,46,0,32,0
53260673,399,0,35,0,0,2,146,0,0,0
53262087,199,0,0,0,0,1,31,0,0,0
53393231,6,0,0,0,0,1,490,0,194,0
53410876,3,0,0,0,0,1,22,0,194,0
53411738,4,0,0,0,0,2,491,0,177,0
53412826,4,0,0,0,0,1,493,0,194,0
53413786,2,0,0,0,0,1,57,0,177,0
53517612,12,0,0,0,0,1,23,0,177,177
53584275,1,0,0,0,0,1,47,0,177,177
53724864,2,0,0,0,0,1,58,0,194,0
53731906,200,0,35,0,0,1,130,0,543,0
53736214,6,0,17,0,0,3,168,0,0,0
53775172,99,0,0,0,0,1,56,0,0,0
53823381,0,0,15,0,0,2,168,0,0,0
53825725,0,0,3,0,0,1,59,0,0,0
53833545,6,0,17,0,0,1,171,0,194,0
53880571,0,0,3,0,0,1,131,0,194,0
53905119,3,0,0,0,0,2,27,0,181,181
53924327,2,0,0,0,0,1,245,0,32,0
54000827,2,0,0,0,0,1,3,0,74,0
54001672,2,0,0,0,0,1,70,0,61,61
54004791,0,0,12,0,0,1,175,0,185,0
54036702,20,0,2,0,0,3,373,0,13,13
54066298,19,0,126,0,0,2,71,0,13,13
54075509,25,0,61,0,0,2,14,0,13,13
54134734,0,0,3,0,0,1,36,0,13,13
54181300,0,0,55,0,0,5,14,3,13,1369.6666666666667
54188437,0,0,394,0,0,1,28,0,13,13
54254703,11,0,0,0,0,1,44,0,13,13
54287467,0,0,39,0,0,1,19,0,194,0
54287504,0,0,3,0,0,1,37,0,194,0
54512918,97,0,0,0,0,4,88,0,184,184
54552954,6,0,6,0,0,1,16,0,184,184
54553321,1,0,0,0,0,1,48,0,32,0
54597506,0,0,24,0,0,1,106,0,0,0
54605831,29,0,14,0,0,2,61,0,194,0
54609223,5,0,0,0,0,1,494,0,2369,0
54626602,0,0,5,0,0,1,61,0,2369,0
54644007,20,0,2,0,0,1,376,0,0,0
54658219,3,0,0,0,0,1,246,0,0,0
54659485,10,0,0,0,0,1,20,0,0,0
54698322,2,0,0,0,0,1,71,0,32,0
54715592,4,0,91,0,0,2,649,0,2369,0
54765117,0,0,24,0,0,1,107,0,32,0
54765378,3,0,0,0,0,1,247,0,32,0
54768056,2,0,0,0,0,1,153,0,26,0
54772552,5,0,18,0,0,2,45,0,26,26
54827502,2,0,0,0,0,1,154,0,543,0
54917776,10,0,0,0,0,1,21,0,32,0
54978587,31,1,0,0,0,1,71,0,0,0
55062790,83,0,0,0,0,5,8,0,0,0
55164664,134,0,0,1,1,1,49,0,0,0
55189154,142,0,106,0,0,4,453,0,0,0
55192799,12,0,0,0,0,1,24,0,0,0
55202406,134,0,106,0,0,1,457,0,32,0
55204441,1,0,0,0,0,1,49,0,74,0
55234892,244,0,0,0,0,1,146,0,67,67
55236574,902,0,574,15,0,57,309,0,67,67
55249547,0,0,122,0,0,1,4,5,69,898.0
55269157,153,0,0,0,0,2,130,0,67,67
55554144,67,0,122,0,0,1,14,0,194,0
55554665,1,0,0,0,0,1,496,0,194,0
55556083,0,0,0,0,0,1,4,0,2369,0
55571441,716,0,530,15,0,1,349,0,194,0
55571615,244,0,0,0,0,1,147,0,194,0
55574243,73,0,0,0,0,1,539,0,194,0
55678285,13,0,18,0,0,3,97,0,194,194
55684995,2,0,0,0,0,1,29,0,194,194
55727466,9,0,6,0,0,2,56,0,195,0
55728503,13,0,0,0,0,2,65,0,194,194
55746019,0,0,6,0,0,1,11,0,196,0
55759815,9,0,16,0,0,1,45,0,196,196
55801807,11,0,24,0,0,3,86,0,196,196
55812515,55,0,126,0,0,1,100,0,2056,0
55827021,11,0,0,0,0,1,532,0,2056,0
55851662,2,0,0,0,0,1,11,0,223,0
55855395,2,0,0,0,0,1,14,0,196,196
55877708,547,0,198,0,0,1,740,0,223,0
55881974,1,0,0,0,0,1,502,0,223,0
56025608,17,0,1,0,0,2,46,0,196,196
56042461,3,0,0,0,0,1,33,0,196,196
56085587,2,0,6,0,0,1,62,0,196,196
56089173,19,0,31,0,0,5,637,0,2398,0
56115835,3,0,0,0,0,2,555,0,223,0
56128331,16,0,0,1,0,1,0,0,2398,0
56157705,23,0,31,0,0,1,514,0,2056,0
56220046,259,0,0,0,0,1,565,0,2056,0
56266827,2,0,0,0,0,1,50,0,0,0
56550377,30,0,36,0,0,1,63,0,0,0
56635931,41,0,34,0,0,6,573,0,2398,0
56784452,273,0,229,2,0,1,663,0,2056,0
56786210,17,0,0,0,0,1,567,0,2056,0
56786329,14,0,2,0,0,1,49,0,0,0
56818971,2,0,0,0,0,1,51,0,0,0
56851090,6,0,0,0,0,1,16,0,0,0
56939345,8,0,0,0,0,1,40,0,0,0
57112572,2,0,0,0,0,1,52,0,143,0
57216259,9,0,16,0,0,1,69,0,126,126
57619858,4,0,18,0,0,1,59,0,60,0
57657012,35,0,27,0,0,1,18,0,0,0
57780547,5,0,10,0,0,2,16,0,0,0
57781082,2,0,0,0,0,1,143,0,0,0
57784743,0,0,2,0,0,1,15,2,0,678.0
57810977,0,0,20,0,0,1,74,0,0,0
57814138,7,0,7,0,0,1,68,0,0,0
57845803,61,0,72,0,0,1,22,0,60,0
57853163,0,0,2,0,0,1,75,0,0,0
57903006,158,0,0,0,0,3,12,0,0,0
57935291,135,0,0,1,1,1,55,0,60,0
58081000,155,0,433,1,0,1,53,0,1250,0
58081298,11,0,0,0,0,1,146,0,1240,1240
58295617,1,0,0,0,0,1,12,0,60,0
58306157,0,0,0,0,0,1,7,0,0,0
58318710,0,0,0,0,0,1,8,0,571,0
58358386,3,0,0,0,0,1,147,0,0,0
58365031,4,0,0,0,0,1,509,0,1250,0
58470680,0,0,0,0,0,1,10,0,223,0
58526799,25,0,49,0,0,1,27,3,212,868.3333333333334
58529592,25,0,49,0,0,1,28,0,10,0
58619299,158,0,0,0,0,1,15,0,60,0
58668650,0,0,27,0,1,1,20,0,0,0
58686337,481,0,148,5,0,3,871,3,0,1022.6666666666666
58690974,469,0,148,5,0,1,874,0,571,0
58718943,0,0,27,0,1,1,21,0,60,0
58749381,2,0,24,0,0,1,47,0,60,0
58856862,0,0,2,0,0,1,12,0,223,0
58953577,0,0,4,0,0,1,18,0,223,0
59080749,55,0,23,1,0,1,152,0,219,219
59237984,0,0,15,0,0,1,76,0,219,219
59281199,0,0,14,0,0,1,33,0,222,0
59291295,0,0,14,0,0,1,34,0,2398,0
59293088,25,0,14,0,0,9,531,0,2408,0
59315915,254,0,577,2,0,1,139,6,-1071,973.5
59318930,254,0,577,2,0,1,140,0,1032,0
59348135,910,0,802,7,1,2,1059,0,0,0
59380858,6,0,0,0,0,1,513,0,22,0
59422531,2,0,0,0,0,1,60,0,11,0
59431604,6,0,0,0,0,1,515,0,11,11
59435116,0,0,6,0,0,1,77,0,11,11
59463836,0,0,6,0,0,1,77,0,11,11
59560029,2,0,0,0,0,1,61,0,71,0
59692886,65,0,92,1,0,4,165,0,61,61
59742970,0,0,0,0,0,1,0,0,62,0
59841019,0,0,0,0,0,1,1,3,64,546.3333333333334
59916245,5,0,4,0,0,1,20,2,575,532.0
59916362,5,0,4,0,0,1,21,2,575,532.0
59916396,5,0,4,0,0,1,22,0,0,0
59936421,1,0,0,0,0,1,25,0,0,0
60005297,30,0,36,0,0,1,64,3,64,546.3333333333334
60233035,1,0,0,0,0,1,26,3,64,546.3333333333334
60253568,5,0,4,0,0,1,24,3,64,546.3333333333334
60407073,13,0,0,0,0,1,14,0,66,66
60447742,315,0,345,5,0,3,387,4,63,1427.75
60457624,313,0,329,5,0,1,390,3,1025,546.3333333333334
60464589,13,0,0,0,0,1,15,2,227,706.0
60470575,0,0,0,0,0,1,60,3,0,546.3333333333334
60476656,1,0,0,0,0,1,17,0,0,0
60479287,21,0,0,0,0,1,107,0,0,0
60529248,0,0,0,0,0,1,62,3,0,546.3333333333334
60549393,0,0,28,0,0,1,19,0,0,0
60550264,0,0,5,0,0,1,64,0,0,0
60569561,271,0,412,7,0,1,2,3,0,1222.0
60576767,271,0,412,7,0,1,3,3,1025,546.3333333333334
60580635,107,0,26,0,0,1,573,3,0,1282.6666666666667
60593305,107,0,26,0,0,1,574,3,1254,546.3333333333334
60598873,207,0,161,4,0,1,4,3,1258,1222.0
60608069,207,0,161,4,0,1,5,3,1025,546.3333333333334
60696366,10,0,13,0,0,1,181,3,64,546.3333333333334
60697181,75,0,0,0,0,2,576,3,15,546.3333333333334
60724480,4,0,0,0,0,1,8,3,217,546.3333333333334
60737278,2,0,2,0,0,1,34,0,63,63
60751150,2,0,0,0,0,1,4,0,63,0
60770234,690,0,484,10,1,5,163,0,63,63
60777150,2,0,0,0,0,1,5,2,227,706.0
60777358,1,0,0,0,0,1,518,2,227,706.0
60781446,576,0,484,9,0,1,168,3,1025,546.3333333333334
60848948,2,0,6,0,0,1,34,0,71,0
60869988,49,0,33,0,0,1,757,0,582,0
60902347,120,0,161,1,1,7,988,0,2408,0
60909322,6,0,13,0,0,1,111,0,-1050,-1050
60923420,8,0,0,0,0,3,66,0,-1050,-1050
61183420,1,0,28,0,0,1,30,0,0,0
61183523,22,0,7,0,0,4,822,2,0,402.0
61192496,20,0,7,0,0,1,826,0,665,0
61201863,41,0,191,2,0,4,666,1,0,2065.0
61212397,41,0,187,2,0,1,670,0,1115,0
61227987,4,0,0,0,0,1,11,0,0,0
61273902,2,0,0,0,0,1,528,0,105,0
61335589,26,0,37,0,0,1,540,0,834,0
61336003,7,0,18,0,0,2,577,0,105,0
61348083,12,0,21,0,0,1,16,0,25,25
61350927,0,0,0,0,0,1,63,0,26,0
61355469,7,0,0,0,0,1,13,0,25,25
61355812,1,0,0,0,0,1,14,0,25,25
61403971,0,0,0,0,0,1,64,0,665,0
61427075,6,0,0,0,0,1,69,0,154,0
61427225,20,0,21,0,0,1,19,0,154,0
61431457,3,0,0,0,0,1,531,0,105,0
61471952,87,0,67,2,0,4,128,0,26,26
61522243,2,0,61,1,0,1,7,0,27,0
61532042,6,0,0,0,0,1,532,0,2150,0
61538586,125,0,141,2,0,16,686,3,0,373.3333333333333
61543107,55,0,53,2,0,1,699,0,665,0
61550586,16,0,0,0,0,1,25,0,0,0
61626828,147,0,126,4,0,6,28,0,0,0
61630294,0,0,0,0,0,1,65,1,0,229.0
61643926,58,0,10,1,0,2,12,0,0,0
61645962,2,0,17,0,0,1,16,0,0,0
61650373,54,0,53,0,0,1,67,0,0,0
61675998,6,0,13,0,0,1,111,0,0,0
61681213,0,0,16,0,0,1,9,0,0,0
61783261,0,0,0,0,0,1,66,0,317,0
61796552,0,0,0,0,0,1,73,0,240,0
61804415,0,0,0,0,0,1,74,0,317,0
61824466,2,0,7,0,0,1,34,0,240,240
62103700,11,0,0,0,0,2,74,0,240,240
62234223,12,0,0,0,0,1,7,0,240,240
62301427,16,0,16,0,0,1,31,0,104,0
62309595,0,0,35,0,0,1,31,0,26,0
62325323,0,0,35,0,0,1,32,0,665,0
62388199,54,0,53,0,0,1,68,0,154,0
62388630,1,0,0,0,0,1,535,0,105,0
62395217,0,0,26,0,0,2,38,0,33,33
62403699,12,0,0,0,0,1,17,2,29,816.5
62416309,12,0,7,0,0,1,36,0,154,0
62416873,1,0,0,0,0,1,536,0,317,0
62446830,185,0,116,5,0,1,47,0,317,0
62448465,14,0,0,0,0,1,574,0,317,0
62455406,87,0,76,2,0,1,133,0,317,0
62455891,13,0,0,0,0,2,575,0,317,0
62462656,1386,1,677,11,0,28,1588,4,225,1006.25
62472767,834,0,591,11,0,1,1615,0,0,0
62707389,249,0,200,2,0,9,19,0,0,0
62712341,2,0,4,0,0,1,19,0,0,0
62723294,669,0,125,3,0,14,34,0,0,0
62729256,11,0,26,0,0,1,96,0,317,0
62729511,1,0,0,0,0,1,543,0,317,0
62730011,589,0,125,3,0,1,47,0,317,0
62730203,1,0,0,0,0,1,544,0,317,0
62733465,155,0,192,2,0,1,29,0,317,0
62733647,37,0,0,0,0,2,582,0,317,0
62733962,5,0,0,0,0,1,161,0,247,247
62734773,0,0,0,0,0,2,2,0,196,0
62739511,14,0,45,0,0,2,182,0,126,126
62751172,5,0,0,0,0,1,162,0,317,0
63003208,14,0,45,0,0,1,184,0,154,0
63003335,1,0,0,0,0,1,546,0,154,0
63062943,2,0,0,0,0,1,50,0,87,87
63072709,0,0,18,0,0,1,39,0,87,87
63076794,0,0,26,0,0,1,74,0,665,0
63077469,8,0,8,0,0,1,77,0,0,0
63091947,33,0,41,0,0,1,742,0,665,0
63215123,0,0,2,0,0,1,34,0,665,0
63231634,4,0,91,0,0,4,396,1,2083,240.0
63312354,6,0,13,0,0,1,112,0,154,0
63313645,2,0,6,0,0,1,77,0,105,0
63315051,9,0,0,0,0,1,549,0,105,0
63333149,2,0,2,0,0,1,598,0,154,0
63363908,36,0,0,0,0,1,7,0,154,0
63365967,30,0,263,0,0,4,25,1,2084,251.0
63369492,63,0,84,1,0,1,178,0,154,0
63370332,6,0,0,0,0,1,552,0,105,0
63373933,0,0,0,1,0,1,13,0,2085,0
63403770,0,0,0,0,0,1,15,0,2085,0
63408955,2295,0,955,18,1,1,1158,0,2150,0
63409185,2,0,0,0,0,1,553,0,2150,0
63483955,23,0,15,0,0,1,75,0,154,0
63506150,41,0,76,0,0,4,87,1,89,0.0
63537646,35,0,70,0,0,1,91,0,317,0
63537966,1,0,0,0,0,1,554,0,317,0
63699594,6,0,0,0,0,2,9,0,253,253
63713938,16,0,46,1,0,2,71,0,2087,0
63716917,6,0,0,0,0,1,107,0,0,0
63802778,2,0,169,0,0,3,285,0,0,0
63873337,2,0,169,0,0,3,285,0,2087,0
64089045,7,0,0,0,0,1,612,0,105,0
64118278,0,0,13,0,0,1,21,0,46,0
64119593,23,0,334,0,0,3,607,0,41,41
64120594,0,0,13,0,0,1,21,0,2091,0
64126469,6,0,0,0,0,1,108,0,401,0
64127499,23,0,334,0,0,1,610,0,665,0
64131574,0,0,15,0,0,1,22,0,2091,0
64140544,6,0,12,0,0,2,689,0,0,0
64140919,6,0,12,0,0,1,691,0,665,0
64146029,17,0,0,0,0,1,565,0,665,0
64149648,6,0,14,0,0,4,40,0,2150,0
64150500,3,0,0,0,0,1,562,0,2150,0
64151055,2,0,0,0,0,1,564,0,401,0
64298688,176,0,1377,2,0,15,1133,0,2492,0
64330842,0,0,2,0,0,1,133,0,0,0
64457526,0,0,2,0,0,1,134,0,665,0
64464402,0,0,11,0,0,1,16,0,2492,0
64480614,819,0,55,0,0,1,182,0,0,0
64579070,9,0,0,0,0,1,12,0,0,0
64587680,0,0,5,0,0,1,49,3,2435,697.6666666666666
64595006,70,0,126,2,0,3,221,0,0,0
64605910,24,0,0,0,0,1,206,2,2093,0.0
64635932,9,0,0,0,0,1,13,3,98,697.6666666666666
64641045,493,0,228,3,0,13,795,3,98,697.6666666666666
64645217,2,0,85,1,0,2,6,0,99,99
64645536,4,0,21,0,0,1,596,3,65,697.6666666666666
64652173,0,0,1,0,0,1,27,0,66,0
64660305,0,0,1,0,0,1,27,2,2093,0.0
64661079,1263,0,1767,6,0,1,1995,0,0,0
64894187,4,0,85,1,0,1,6,3,98,697.6666666666666
64930661,458,0,151,1,0,1,686,2,0,1046.5
64936967,9,0,32,0,0,1,70,0,2097,0
64978388,302,0,34,0,0,1,1033,0,0,0
65003264,2,0,0,0,0,1,3,0,0,0
65090512,2,0,0,0,0,1,3,0,0,0
65102372,62,0,124,2,0,1,225,0,154,0
65114432,2058,0,1178,0,0,22,878,4,83,228.25
65117159,1160,0,914,0,0,1,878,0,0,0
65119367,2,0,0,0,0,1,8,0,0,0
65147393,2,0,0,0,0,1,9,0,665,0
65153849,22,0,60,0,0,1,18,1,0,2440.0
65169891,22,0,60,0,0,1,19,0,317,0
65171351,2,0,0,0,0,1,571,0,317,0
65176530,2,0,0,0,0,1,4,0,317,0
65179928,213,0,502,0,0,2,842,0,265,0
65184504,213,0,502,0,0,1,844,0,665,0
65268570,64,0,4,1,0,3,627,0,0,0
65269977,0,0,0,0,0,1,16,0,0,0
65272046,0,0,0,0,0,1,12,0,0,0
65292575,64,0,4,1,0,1,630,0,665,0
65292741,0,0,0,0,0,1,17,0,665,0
65293748,0,0,0,0,0,1,70,0,0,0
65295199,0,0,0,0,0,1,13,0,665,0
65298932,68,0,127,0,0,1,199,0,0,0
65311663,0,0,0,0,0,1,71,0,2150,0
65357770,14,0,198,1,0,3,69,0,0,0
65379458,14,0,190,1,0,1,72,0,1470,0
65423890,2,0,0,0,0,2,18,0,1394,0
65431358,2,0,0,0,0,1,20,0,665,0
65431576,0,0,0,0,0,1,72,0,0,0
65437163,0,0,0,0,0,1,73,0,665,0
65437353,62,0,30,2,0,2,647,0,0,0
65448924,62,0,30,2,0,1,649,0,665,0
65589639,1,0,0,0,0,1,86,0,2150,0
65629834,2020,0,2847,20,1,14,924,5,0,1450.8
65640207,1470,0,2323,19,0,1,938,0,1115,0
65697775,6,0,8,0,0,1,597,0,0,0
65897175,0,0,41,0,0,1,33,0,0,0
65907780,0,0,41,0,0,1,34,0,154,0
65908606,2,0,0,0,0,1,12,0,154,0
65909126,49,0,0,0,0,1,148,0,0,0
65930391,941,0,607,0,1,7,1192,0,0,0
65970101,27,0,0,0,0,1,41,0,0,0
66019393,204,0,0,2,0,3,391,0,105,0
66019544,1,0,0,0,0,1,56,0,105,0
66019657,6,0,8,0,0,1,599,0,154,0
66019748,723,0,561,0,1,1,1201,0,154,0
66019925,21,0,5,0,0,1,148,0,154,0
66028282,83,0,0,0,0,2,681,0,105,0
66030966,74,0,0,0,0,1,2,0,105,0
66059764,4,0,0,0,0,1,68,0,105,0
66093708,493,0,0,1,0,8,1,0,26,0
66095661,12,0,0,0,0,1,586,0,154,0
66116574,80,0,0,0,0,1,79,0,110,110
66132375,4,0,875,0,0,6,47,1,2104,0.0
66234284,2,0,0,0,0,1,4,0,154,0
66446404,5,0,0,0,0,1,61,0,110,110
66641035,10488,0,698,66,1,3,3180,0,110,110
67077670,15,0,91,0,0,2,214,0,117,0
67116225,9,0,91,0,0,1,216,0,665,0
67121194,10,0,49,0,0,1,385,1,0,1448.0
67399417,5,0,0,0,0,1,62,0,154,0
67436778,4,0,38,0,0,1,165,0,0,0
67443071,238,0,238,1,0,1,418,0,0,0
67445520,1,0,49,1,0,2,19,0,0,0
67460741,6,0,0,0,0,1,63,0,0,0
67477223,2,0,0,0,0,1,13,2,0,314.0
67492032,1,0,49,1,0,1,21,0,154,0
67562357,18,0,54,0,0,2,206,0,119,119
67585374,2,0,0,0,0,1,15,0,307,0
67621422,6,0,0,0,0,2,2,0,272,272
67644930,6,0,0,0,0,1,64,0,0,0
67645249,38,0,0,0,0,1,65,0,0,0
67649856,8,0,0,0,0,1,66,0,0,0
67837644,18,0,54,0,0,1,208,0,317,0
67878871,1,0,0,0,0,1,65,0,285,285
67930602,4,0,0,0,0,1,4,0,317,0
67961795,1,0,0,0,0,1,66,0,154,0
68052647,27,0,8,0,0,1,161,0,0,0
68061950,170,0,0,0,0,1,718,0,0,0
68062966,4,0,0,0,0,1,69,0,286,286
68067565,170,0,0,0,0,1,718,0,0,0
68069323,1379,0,530,4,0,14,395,2,0,124.5
68076285,869,0,3187,3,0,17,215,0,0,0
68082503,913,0,514,4,0,1,363,0,0,0
68082567,601,0,1945,3,0,1,232,0,0,0
68193912,2018,0,3023,9,0,1,1608,0,0,0
68251514,7,0,0,0,0,1,69,0,0,0
68256629,3,0,25,0,0,1,123,2,0,144.0
68293522,0,0,0,0,0,1,12,0,0,0
68345028,6,0,0,0,0,1,67,0,0,0
68348688,3,0,25,0,0,1,124,0,317,0
68353602,6,0,0,0,0,1,625,0,873,0
68353831,52,0,0,0,0,1,70,0,2492,0
68368840,6,0,0,0,0,1,40,0,0,0
68399708,7,0,6,0,0,2,59,0,0,0
68402674,2,0,12,0,0,1,23,0,317,0
68404215,5,0,0,0,0,1,591,0,317,0
68415643,0,0,0,0,0,1,15,0,288,288
68441991,0,0,0,0,0,1,13,0,154,0
68529334,7,0,0,0,0,1,70,0,873,0
68536764,22,0,40,0,0,2,87,0,39,0
68536978,51,0,6,0,0,1,62,0,0,0
68537037,3,0,0,0,0,1,6,0,56,0
68537163,2,0,0,0,0,1,49,0,343,0
68537589,1,0,0,0,0,1,28,0,-376,0
68540836,0,0,0,0,0,1,14,0,0,0
68541866,10,0,0,0,0,1,592,0,154,0
68557389,2,0,0,0,0,1,2,0,317,0
68660480,0,0,0,0,0,1,0,0,289,289
68790178,1,0,1,0,0,2,62,0,289,289
68797991,0,0,0,0,0,1,16,0,154,0
68851043,18,0,56,0,0,4,276,0,129,129
68853235,15,0,44,0,0,4,212,0,129,129
68892059,352,0,25,1,0,1,163,0,129,129
68922823,2,0,0,0,0,1,51,0,129,129
68957281,34,0,148,0,0,1,384,0,154,0
68982235,112,0,10,0,0,4,240,5,126,799.0
68996210,110,0,10,0,0,1,244,0,317,0
69004350,206,0,132,1,0,1,70,0,154,0
69004721,1,0,0,0,0,1,593,0,154,0
69006249,11,0,163,0,0,1,12,0,2150,0
69013740,259,0,789,0,0,1,649,0,0,0
69040846,163,0,294,0,0,4,248,0,0,0
69060241,352,0,25,1,0,1,167,0,0,0
69066202,0,0,0,0,0,1,1,0,307,0
69079006,2,0,0,0,0,1,3,0,124,124
69109233,2,0,7,0,0,1,63,0,154,0
69164607,2,0,0,0,0,1,73,0,131,131
69171222,0,0,0,0,0,1,6,0,131,0
69176530,0,0,0,0,0,1,7,0,317,0
69204647,63,0,274,0,0,1,252,0,317,0
69302797,2,0,0,0,0,1,4,0,317,0
69340628,4,0,8,0,0,1,50,0,295,0
69344940,4,0,8,0,0,1,50,0,0,0
69484939,1435,0,986,3,0,6,379,3,0,487.3333333333333
69484976,1151,0,976,3,0,1,385,0,0,0
69589765,4,0,24,0,0,2,38,0,0,0
69752676,2235,0,2593,5,0,1,1784,0,0,0
69772699,375,0,980,3,0,2,555,4,0,599.75
69775973,369,0,980,3,0,1,557,0,0,0
69782269,10,0,28,0,0,1,39,0,0,0
69802630,1469,0,2301,4,2,11,751,2,0,693.0
69812367,1361,0,2125,4,2,1,719,0,317,0
69825083,17,0,0,0,0,1,596,0,317,0
69834654,0,0,0,0,0,1,92,0,300,0
70010366,0,0,0,0,0,1,93,0,1486,0
70083649,0,0,15,0,0,1,2,0,1470,0
70116920,0,0,15,0,0,1,3,0,317,0
70202681,6,0,0,0,0,1,114,0,301,301
70267567,2,0,18,0,0,1,39,0,301,301
70842954,5,0,4,0,0,2,15,0,301,301
70913314,2,0,0,0,0,1,74,0,154,0
70992245,19,0,7,0,0,1,100,0,144,144
71151356,5,0,15,0,0,1,196,0,0,0
71284164,74,0,110,2,0,1,189,0,873,0
71322356,2,0,0,0,0,1,14,0,865,0
71322664,2,0,0,0,0,1,14,0,2142,0
71331734,16,0,0,0,0,1,141,0,154,154
71442798,0,0,3,0,0,1,156,0,154,0
71584424,6,0,4,0,0,1,612,0,0,0
71625076,2,0,2,0,0,1,16,0,0,0
71670658,5,0,19,0,0,3,109,0,0,0
71748186,0,0,7,0,0,1,27,0,154,0
71786701,18,0,0,0,0,1,27,0,150,150
71796701,34,0,5,0,0,3,640,0,144,0
71796754,34,0,5,0,0,3,640,0,144,0
71840121,3,0,2,0,0,2,617,0,196,0
71966160,0,0,10,0,0,2,36,0,192,192
71986676,35,0,7,0,0,1,239,0,0,0
72119563,8,0,38,0,0,2,6,0,0,0
72195187,16,0,0,0,0,1,71,0,0,0
72255291,8,0,38,0,0,1,8,0,154,0
72328209,5,0,19,0,0,1,112,0,1486,0
72330240,6,0,8,0,0,1,61,0,1344,0
72480228,2,0,0,0,0,1,78,0,1343,0
72486805,2,0,0,0,0,1,80,0,307,0
72512961,26,0,0,0,0,1,666,0,154,0
72855723,346,0,206,1,0,1,372,0,0,0
72868618,1,0,8,2,0,1,72,0,0,0
73200450,0,0,9,0,0,1,52,0,0,0
73284550,387,0,6,0,0,6,229,0,0,0
73291693,2,0,5,0,0,1,59,0,0,0
73396879,116,0,0,0,0,4,31,0,0,0
73403289,35,0,23,0,0,1,77,0,0,0
73604141,255,0,433,2,0,1,572,4,0,417.25
73636202,28,0,29,0,0,1,78,0,1493,1493
73947946,9,0,12,0,0,1,219,0,0,0
74130494,379,0,15,0,0,1,241,0,166,166
74131216,1,0,0,0,0,1,606,0,166,166
74261630,0,0,0,0,2,1,4,0,166,166
74422859,1,0,120,0,0,4,657,0,167,0
74431653,16,0,26,0,0,1,17,0,167,167
74512130,2,0,6,0,0,1,14,0,167,167
74618028,49,0,31,1,0,3,462,2,151,0.0
74623022,35,0,31,1,0,1,428,0,0,0
74635806,199,0,0,0,0,1,139,0,0,0
74758489,1,0,0,0,0,1,173,0,0,0
74878385,2,0,0,0,0,1,10,0,0,0
75112379,2,0,2,0,0,1,14,0,0,0
75137242,47,0,34,0,0,1,60,0,1362,1362
75241185,10,0,8,0,0,1,36,0,1362,1362
75276220,23,0,9,0,0,1,631,0,1296,0
75295609,23,0,9,0,0,1,632,0,173,173
75305766,1,0,0,0,0,1,174,0,684,684
75306385,16,0,26,0,0,1,18,0,684,684
75325026,2,0,6,0,0,1,15,0,0,0
75325415,1,0,0,0,0,1,610,0,0,0
75441185,4,0,24,0,0,1,41,0,174,174
75441564,2,0,18,0,0,1,77,0,174,174
75441685,6,0,0,0,0,1,116,0,174,174
75442057,2,0,18,0,0,1,42,0,174,174
75442203,18,0,0,0,0,1,28,0,174,174
75442448,2,0,0,0,0,1,11,0,174,174
75442760,2,0,2,0,0,1,15,0,174,174
75443119,10,0,8,0,0,1,37,0,174,174
75443245,15,0,0,0,0,2,611,0,125,125
75945549,0,0,1,0,0,1,43,0,125,125
75969539,2,0,0,0,0,1,21,0,125,125
76105296,4,0,12,0,0,1,99,0,125,125
76142991,8,0,0,0,0,1,41,0,690,690
76144848,2,0,0,0,0,1,26,0,690,690
76162637,45,0,0,0,0,1,675,0,690,690
76163239,79,0,42,1,0,1,857,0,690,690
76163576,29,0,26,0,0,1,674,0,690,690
76165626,63,0,64,0,0,8,689,0,0,0
76178115,13,0,36,0,0,1,697,0,690,690
