version,tr_build_id,git_diff_src_churn,gh_num_commit_comments,git_diff_test_churn,gh_diff_files_added,gh_diff_files_deleted,gh_diff_files_modified,git_num_all_built_commits,gh_num_commits_on_files_touched,git_num_all_built_commits,tr_status
1,106537,0,0,0,6,0,2,1,1,1,passed
1,106718,0,0,0,0,0,6,1,2,1,passed
1,110689,0,0,0,2,0,3,1,2,1,passed
1,110693,0,0,0,0,0,8,1,3,1,passed
1,111036,0,0,0,0,0,6,1,4,1,passed
1,113794,0,0,0,0,0,2,1,4,1,passed
1,113888,0,0,0,6,0,1,1,5,1,passed
1,113909,159,0,9,4,0,12,1,67,1,passed
1,113919,0,0,0,0,0,4,1,6,1,passed
1,115475,0,0,0,0,0,5,1,7,1,passed
1,117183,0,0,0,0,0,6,1,21,1,passed
1,117255,0,0,0,0,0,1,1,34,1,passed
1,117305,0,0,0,0,0,2,1,28,1,passed
1,117323,0,0,0,0,0,1,1,2,1,passed
1,117377,0,0,0,0,0,3,1,5,1,passed
1,117398,0,0,0,0,0,2,1,17,1,passed
1,117440,1,0,0,0,0,1,1,6,1,passed
1,126229,0,0,0,0,0,4,1,15,1,passed
1,126240,0,0,0,0,0,3,1,13,1,passed
1,126388,0,0,0,1,0,3,1,11,1,passed
1,126567,0,0,0,0,0,5,1,20,1,passed
1,126607,0,0,0,0,16,4,1,14,1,passed
1,126731,0,0,0,0,0,2,1,26,1,passed
1,128674,7,0,0,0,0,3,1,29,1,passed
1,148315,8,0,16,1,0,3,1,30,1,passed
1,148573,0,0,27,1,0,1,1,14,1,passed
1,183033,20,0,0,0,0,1,1,29,1,passed
1,183083,2,0,8,0,0,3,1,14,1,passed
1,265287,35,0,6,3,0,6,3,72,3,passed
1,315559,19,0,52,0,0,3,3,44,3,passed
1,372517,0,0,0,5,3,0,1,3,1,passed
1,372673,0,0,0,0,0,5,1,6,1,passed
1,372773,0,0,0,4,0,9,1,24,1,passed
1,372825,0,0,0,1,0,10,1,8,1,passed
1,373323,0,0,0,1,0,12,1,46,1,passed
1,373369,0,0,0,0,0,3,1,12,1,passed
1,373437,0,0,0,0,0,7,1,65,1,passed
1,373486,0,0,0,0,0,2,1,22,1,passed
1,373716,0,0,0,0,0,6,1,37,1,passed
1,373840,0,0,0,0,0,4,1,33,1,passed
1,373863,0,0,0,0,0,2,1,16,1,passed
1,374385,103,0,0,0,0,2,1,38,1,passed
1,374517,0,0,0,0,0,15,1,74,1,passed
1,374537,0,0,0,0,0,3,1,38,1,passed
1,378163,0,0,0,0,0,1,1,1,1,passed
1,381541,0,0,0,5,2,3,2,47,2,passed
1,418552,26,0,0,1,0,12,3,100,3,passed
1,418562,5,0,0,1,0,10,1,88,1,passed
1,418566,6,0,0,0,0,3,1,33,1,passed
1,418651,26,0,0,0,0,4,1,8,1,passed
1,421529,0,0,0,0,0,4,1,10,1,passed
1,421562,0,0,0,0,0,2,1,10,1,passed
1,464204,34,0,0,8,0,9,1,66,1,passed
1,464256,29,0,0,4,4,4,1,48,1,passed
1,464389,0,0,0,0,0,6,1,47,1,passed
1,464401,0,0,0,0,0,2,1,5,1,passed
1,464514,0,0,0,1,0,4,1,4,1,passed
1,464559,81,0,0,1,0,3,1,15,1,passed
1,464586,2,0,0,0,0,1,1,9,1,passed
1,466683,0,0,0,0,0,1,1,1,1,passed
1,480410,54,0,41,13,0,2,2,36,2,passed
1,480457,4,0,2,0,0,3,1,37,1,passed
1,525380,54,0,41,13,0,3,1,40,1,passed
1,525478,0,0,0,0,0,2,1,10,1,passed
1,525505,0,0,0,0,0,2,1,11,1,passed
1,525532,0,0,0,0,0,3,1,18,1,passed
1,533535,88,0,0,1,0,2,3,12,3,passed
1,534850,72,0,0,1,0,1,1,15,1,passed
1,539317,28,0,0,0,0,2,1,12,1,passed
1,539540,1,0,0,0,0,1,1,2,1,passed
1,555505,20,0,0,0,0,1,1,3,1,passed
1,556469,161,0,0,0,0,4,1,24,1,passed
1,561049,5,0,0,0,2,2,1,43,1,passed
1,561186,188,0,0,1,0,9,1,57,1,failed
1,561414,6,0,0,0,0,2,1,41,1,passed
1,566317,352,0,0,1,2,12,1,76,1,passed
1,591934,113,0,0,0,0,5,1,43,1,passed
1,592119,298,0,0,1,2,1,1,14,1,passed
1,595575,0,0,0,1,0,2,1,6,1,passed
1,595707,0,0,0,0,0,5,1,13,1,passed
1,595751,0,0,0,0,0,1,1,3,1,passed
1,595823,23,0,0,1,0,1,1,31,1,passed
1,595968,0,0,0,0,1,1,1,12,1,passed
1,596205,98,0,0,1,0,6,1,22,1,passed
1,596235,0,0,0,0,0,1,1,7,1,passed
1,597202,4,0,0,0,0,3,2,19,2,passed
1,597247,34,0,0,1,1,5,1,25,1,passed
1,607880,0,0,0,0,0,3,1,22,1,passed
1,624292,0,0,0,0,0,1,1,11,1,passed
1,632169,45,1,15,6,0,3,3,20,3,passed
1,669300,0,0,0,2,1,9,1,36,1,passed
1,669462,0,0,0,0,0,2,1,25,1,passed
1,669492,0,0,0,0,0,1,1,21,1,passed
1,669496,0,0,0,0,0,1,1,8,1,passed
1,669528,0,0,0,0,0,2,1,27,1,passed
1,669675,0,0,0,1,1,6,1,60,1,passed
1,670025,116,0,0,3,1,1,1,1,1,passed
1,670219,142,0,0,0,0,3,3,1,3,passed
2,674969,119,0,0,1,0,2,1,4,1,passed
2,690656,64,0,0,0,0,5,1,6,1,passed
2,700305,0,0,0,0,0,3,1,38,1,passed
2,700359,0,0,0,1,0,1,1,3,1,passed
2,700470,0,0,0,2,0,4,1,24,1,passed
2,704196,137,0,0,1,0,7,1,93,1,passed
2,711486,4,0,0,0,0,1,1,29,1,passed
2,711754,0,0,0,0,0,1,1,2,1,passed
2,718778,0,0,0,3,0,2,1,11,1,passed
2,719307,26,0,0,0,0,4,2,6,2,passed
2,722062,9,0,0,0,0,1,1,30,1,passed
2,726291,227,0,0,1,0,2,2,5,2,passed
2,726313,9,0,0,0,0,1,1,4,1,passed
2,733050,205,0,0,1,0,4,1,11,1,passed
2,739259,117,0,0,1,0,3,1,9,1,passed
2,743334,282,0,0,0,0,7,1,12,1,passed
2,744179,198,0,0,4,0,3,2,11,2,passed
2,747569,0,0,0,0,0,1,1,2,1,passed
2,748793,3,0,0,0,0,6,1,31,1,passed
2,756449,41,0,0,0,0,1,1,3,1,passed
2,756501,8,0,0,0,0,1,1,4,1,passed
2,756673,24,0,0,1,0,0,1,0,1,passed
2,762096,6,0,0,0,0,1,1,1,1,passed
2,790277,0,0,0,0,0,2,1,15,1,passed
2,790307,8,0,0,1,0,0,1,0,1,passed
2,790841,64,0,0,0,0,6,1,16,1,passed
2,791222,2,0,0,0,0,1,1,11,1,passed
2,793284,0,0,0,0,0,3,1,19,1,passed
2,795891,20,0,0,1,0,1,1,33,1,passed
2,799567,78,0,0,0,0,2,1,45,1,failed
2,803598,2,0,0,6,0,5,1,17,1,failed
2,803826,123,0,0,0,1,7,1,96,1,passed
2,811787,13,0,12,0,0,2,1,9,1,failed
2,811864,6,0,0,0,0,3,1,60,1,passed
2,820149,61,0,0,0,0,3,1,58,1,passed
2,832577,2,0,0,0,0,1,1,14,1,passed
2,837965,0,0,0,2,0,4,1,15,1,passed
2,837982,0,0,0,0,0,2,1,6,1,passed
2,837996,0,0,0,0,0,3,1,5,1,passed
2,841085,0,0,0,0,0,8,1,23,1,passed
2,841129,0,0,0,0,0,1,1,16,1,passed
2,842602,0,0,0,0,0,2,1,20,1,passed
2,842824,0,0,0,0,0,2,1,17,1,passed
2,842955,0,0,0,0,0,4,1,40,1,passed
2,849068,0,0,0,0,0,5,1,41,1,passed
2,850962,103,0,0,2,1,4,1,50,1,passed
2,851001,0,0,0,0,0,2,1,2,1,passed
2,851052,0,0,0,0,0,1,1,3,1,passed
2,851226,0,0,0,0,0,2,1,8,1,passed
2,851819,0,0,0,0,0,3,1,19,1,passed
2,851923,0,0,0,0,0,1,1,6,1,passed
2,852572,107,0,0,1,0,5,1,54,1,passed
2,860474,0,1,0,0,0,2,1,25,1,passed
2,861122,123,0,0,0,0,2,1,21,1,passed
2,889859,87,0,12,4,0,6,1,66,1,passed
2,890880,281,0,30,6,0,12,3,82,3,passed
2,890900,12,0,0,0,0,1,1,6,1,passed
2,893854,15,0,8,0,0,3,1,77,1,passed
2,900955,24,0,20,2,0,3,1,40,1,passed
2,901008,0,0,0,0,0,1,1,4,1,passed
2,954994,107,0,10,0,0,6,1,54,1,passed
2,996211,2,0,0,0,0,2,1,11,1,passed
2,996249,2,0,0,0,0,2,1,15,1,passed
2,997125,14,0,0,0,0,3,1,14,1,passed
2,1029547,0,0,21,1,0,0,1,2,1,passed
2,1072344,78,0,0,0,0,3,3,15,3,passed
2,1081551,58,0,63,0,0,3,1,28,1,passed
2,1087073,3,0,0,0,0,1,1,1,1,passed
2,1104430,32,0,0,0,0,1,1,13,1,passed
2,1111716,2,0,308,5,0,6,1,44,1,passed
2,1117184,184,0,60,16,0,2,1,65,1,failed
2,1119472,0,0,3,0,0,1,1,1,1,failed
2,1119888,20,0,10,0,0,3,1,2,1,passed
2,1119940,0,0,309,3,0,3,1,24,1,passed
2,1120057,0,0,83,3,0,1,1,1,1,passed
2,1120691,111,0,63,1,15,2,1,68,1,passed
2,1129847,0,0,11,0,0,1,1,3,1,passed
2,1130051,0,0,11,0,0,2,1,8,1,passed
2,1134230,0,0,18,1,0,1,1,6,1,passed
2,1146344,0,0,0,4,0,2,1,18,1,passed
2,1146565,37,0,0,0,0,3,1,39,1,passed
2,1151534,12,0,0,2,0,6,1,69,1,passed
2,1151659,4,0,0,0,0,3,1,7,1,passed
2,1152049,16,0,0,2,0,7,1,71,1,passed
2,1156128,11,0,7,0,0,3,1,41,1,passed
2,1156508,20,0,0,0,0,1,1,33,1,failed
2,1168521,9,0,0,0,0,1,1,34,1,passed
2,1168660,4,0,2,0,0,3,1,15,1,passed
2,1168854,3,0,0,0,0,2,1,11,1,passed
2,1178079,0,0,0,0,0,3,1,44,1,passed
2,1178128,3,0,0,0,0,1,1,7,1,passed
2,1205588,0,0,0,0,0,1,1,24,1,passed
2,1205972,0,0,0,0,0,1,1,1,1,passed
2,1206061,5,0,0,0,0,1,1,1,1,passed
2,1206143,16,0,0,0,0,1,1,35,1,passed
2,1206930,21,0,0,0,0,3,1,39,1,passed
2,1206983,0,0,11,0,0,1,1,1,1,passed
2,1207876,17,0,17,0,0,2,1,44,1,passed
2,1208415,16,0,0,0,0,3,1,15,1,passed
2,1211507,0,0,0,0,0,1,1,2,1,passed
2,1222875,10,0,2,0,0,10,1,62,1,passed
2,1222980,2,0,0,0,0,1,1,2,1,passed
2,1222990,7,0,0,0,0,2,1,24,1,passed
2,1229346,0,0,0,0,0,1,1,1,1,passed
2,1229410,3,0,0,0,0,1,1,16,1,passed
2,1230400,11,0,0,0,0,2,1,10,1,passed
2,1230486,4,0,0,0,0,2,1,28,1,passed
2,1231277,17,0,0,0,0,2,1,22,1,passed
2,1232305,99,0,0,1,0,3,1,68,1,passed
2,1232419,15,0,0,2,0,2,1,50,1,passed
2,1232888,0,0,0,0,0,1,1,7,1,passed
2,1233151,10,0,0,0,0,3,1,11,1,passed
2,1233324,10,0,0,0,0,3,1,12,1,passed
2,1233642,28,0,60,0,0,5,1,25,1,passed
2,1233824,43,0,88,1,0,6,2,41,2,passed
2,1237043,4,0,0,0,0,3,1,15,1,passed
2,1237342,30,0,0,1,0,4,1,20,1,passed
2,1237470,8,0,0,0,0,1,1,11,1,failed
2,1237496,2,0,0,0,0,1,1,12,1,failed
2,1237508,2,0,0,0,0,1,1,13,1,failed
2,1237860,81,0,0,0,0,1,1,19,1,failed
2,1238948,6,0,0,0,0,2,1,50,1,passed
2,1239460,6,0,0,0,0,2,1,51,1,passed
2,1250933,3,0,0,0,0,2,1,33,1,passed
2,1251183,4,0,0,0,0,1,1,20,1,passed
2,1251302,0,0,0,0,0,1,1,2,1,passed
2,1251405,24,0,0,0,0,3,1,8,1,passed
2,1251420,0,0,0,0,0,1,1,2,1,passed
2,1255306,84,0,0,0,0,2,1,52,1,passed
2,1255788,4,0,0,0,0,1,1,2,1,passed
2,1255859,5,0,0,0,0,2,1,13,1,passed
2,1256028,0,0,0,0,0,1,1,13,1,passed
2,1256360,0,0,0,0,0,2,1,21,1,passed
2,1256414,0,0,0,0,0,2,1,22,1,passed
2,1261185,70,0,70,0,0,8,1,87,1,passed
2,1261838,1,0,0,0,0,3,1,17,1,passed
2,1262233,71,0,70,0,0,8,1,90,1,passed
2,1262740,4,0,4,0,0,2,1,22,1,passed
2,1263456,8,0,46,1,0,3,1,32,1,passed
2,1273226,2,0,0,0,0,2,1,26,1,passed
2,1273398,0,0,0,0,0,1,1,3,1,passed
2,1289240,21,0,15,1,0,3,2,28,2,passed
2,1291409,39,0,7,2,1,14,5,148,5,passed
2,1328003,23,0,48,0,0,2,1,22,1,passed
2,1352667,10,0,25,0,0,3,1,13,1,passed
2,1352813,0,0,0,0,0,1,1,13,1,passed
2,1381267,0,0,0,13,0,1,1,3,1,passed
2,1383903,0,0,0,0,0,1,1,14,1,passed
2,1385736,477,0,0,0,2,3,1,68,1,passed
2,1413356,33,0,0,0,0,1,1,3,1,passed
2,1425052,10,0,0,0,0,6,1,58,1,passed
2,1448907,0,0,0,0,0,2,1,4,1,passed
2,1461319,5,0,0,0,0,4,1,45,1,failed
2,1461409,0,0,4,0,0,1,1,1,1,passed
2,1461503,6,0,7,0,0,2,1,57,1,passed
2,1461532,76,0,0,1,0,0,1,0,1,passed
2,1475095,0,0,0,0,0,1,1,4,1,passed
2,1484355,7,0,21,0,0,3,1,7,1,passed
2,1484845,15,0,5,1,0,6,3,78,3,passed
2,1485102,76,0,0,0,1,0,1,1,1,passed
2,1488778,0,0,0,1,0,1,1,2,1,passed
2,1490620,0,0,0,1,0,1,1,13,1,passed
2,1491357,0,0,0,0,2,0,1,11,1,passed
2,1494828,0,0,0,2,0,0,1,12,1,passed
2,1494848,0,0,0,2,0,0,1,13,1,passed
2,1494875,0,0,0,0,2,0,1,14,1,passed
2,1495325,0,0,0,3,0,0,1,7,1,passed
2,1495348,0,0,0,3,0,0,1,8,1,passed
2,1500241,0,0,0,0,0,1,1,14,1,passed
2,1503988,5,0,0,0,0,1,1,8,1,passed
2,1504404,4,0,0,0,0,2,1,12,1,passed
2,1504432,4,0,0,0,0,2,1,13,1,passed
2,1504466,5,0,0,0,0,1,1,10,1,passed
2,1504510,0,0,0,1,0,1,1,8,1,passed
2,1504660,0,0,0,0,0,1,1,9,1,passed
2,1505063,0,0,0,0,1,1,1,10,1,passed
2,1505185,12,0,0,0,0,2,1,48,1,passed
2,1505549,0,0,0,0,0,2,1,2,1,passed
2,1510333,0,0,0,0,0,3,1,12,1,passed
2,1511451,0,0,0,2,0,1,1,5,1,passed
2,1513530,17,0,0,6,0,21,2,174,2,passed
2,1513588,0,0,0,0,0,2,1,5,1,passed
2,1517197,0,0,0,2,0,1,1,15,1,passed
2,1519148,0,0,0,2,0,1,1,16,1,passed
2,1531715,2,0,0,0,0,1,1,1,1,passed
2,1531949,0,0,0,0,0,1,1,11,1,passed
2,1532030,0,0,0,0,0,1,1,13,1,passed
2,1542328,28,0,0,0,2,0,1,3,1,passed
2,1543235,28,0,0,0,2,0,1,4,1,passed
2,1564046,0,0,0,0,0,1,1,3,1,passed
2,1573653,0,0,0,0,0,1,1,6,1,passed
2,1598304,15,0,0,1,0,2,1,42,1,passed
2,1598457,0,0,0,0,0,1,1,14,1,passed
2,1598582,43,0,0,1,2,6,1,67,1,failed
2,1616312,20,0,0,0,0,1,1,1,1,passed
2,1616374,0,0,0,0,0,1,1,2,1,passed
2,1616468,0,0,0,0,0,1,1,2,1,passed
2,1616506,0,0,0,0,0,2,1,7,1,passed
2,1644167,0,0,0,0,2,2,1,8,1,passed
2,1652434,8,0,2,1,0,4,1,66,1,passed
2,1652450,8,0,2,1,0,4,1,67,1,passed
2,1652473,0,0,0,0,0,1,1,3,1,passed
2,1652926,6,0,41,1,0,1,1,26,1,passed
2,1661782,0,0,0,0,0,2,2,20,2,passed
2,1679130,0,0,0,1,0,2,1,6,1,passed
2,1692309,1,0,0,0,0,2,1,22,1,passed
2,1692453,0,0,0,0,0,1,1,9,1,passed
2,1692583,1,0,0,0,0,3,1,29,1,passed
2,1707579,0,0,0,0,0,2,1,26,1,passed
2,1707586,0,0,0,0,0,2,1,27,1,passed
2,1707628,0,0,0,0,0,3,1,9,1,passed
2,1716383,0,0,0,0,0,1,1,14,1,passed
2,1717079,4,0,0,6,0,8,1,84,1,passed
2,1717089,0,0,0,0,0,1,1,26,1,passed
2,1734927,0,0,0,0,1,3,3,7,3,passed
2,1766879,0,0,0,0,0,1,1,27,1,passed
2,1790899,0,0,0,0,0,1,1,10,1,passed
2,1790989,0,0,0,0,0,1,1,11,1,passed
2,1791434,0,0,0,0,0,1,1,8,1,passed
2,1795705,0,0,0,0,0,30,1,132,1,passed
2,1795886,0,0,0,0,0,4,1,43,1,passed
2,1795935,0,0,0,0,0,1,1,16,1,passed
2,1796353,0,0,0,0,0,1,1,4,1,passed
2,1796824,0,0,0,0,0,1,1,5,1,passed
2,1796913,0,0,0,0,0,1,1,6,1,passed
2,1798859,0,0,0,1,2,7,1,84,1,passed
2,1798909,0,0,0,0,0,2,1,39,1,passed
2,1799003,0,0,0,0,0,4,1,40,1,passed
2,1800004,0,0,0,2,0,1,1,2,1,passed
2,1800023,0,0,0,0,0,1,1,3,1,passed
2,1800709,142,0,6,0,0,14,1,160,1,passed
2,1804671,142,0,6,0,0,20,3,211,3,passed
2,1804693,0,0,0,0,0,1,1,8,1,passed
2,1807130,0,0,0,0,0,2,1,32,1,passed
2,1807240,0,0,0,0,0,3,1,36,1,passed
2,1811993,12,0,0,1,0,13,1,167,1,passed
2,1812183,0,0,0,0,0,20,2,80,2,passed
2,1812779,0,0,0,0,0,1,1,19,1,passed
2,1813076,125,0,60,16,0,2,1,84,1,failed
2,1813153,206,0,108,10,8,2,1,85,1,failed
2,1813165,0,0,56,0,3,0,1,1,1,failed
2,1813222,9,0,0,0,0,2,1,42,1,failed
2,1813688,9,0,0,0,0,2,1,43,1,failed
2,1814189,43,0,19,0,0,5,2,38,2,failed
2,1817224,16,0,0,0,0,1,1,2,1,failed
2,1817491,20,0,0,0,0,1,1,3,1,passed
2,1823125,0,0,0,0,0,6,1,49,1,passed
2,1823182,0,0,0,0,0,5,1,54,1,passed
2,1823231,0,0,0,4,0,3,1,68,1,passed
2,1823271,2,0,0,5,0,38,1,208,1,passed
2,1823327,2,0,0,5,0,38,1,209,1,passed
2,1833173,24,0,28,1,0,5,1,76,1,passed
2,1839853,34,0,28,10,0,55,1,305,1,passed
2,1843246,4,0,24,1,0,3,1,49,1,passed
2,1852229,1,0,0,0,0,3,1,33,1,passed
2,1852329,0,0,0,0,0,1,1,2,1,passed
2,1852354,2,0,0,0,0,1,1,10,1,passed
2,1852890,2,0,2,0,0,3,1,36,1,passed
2,1853113,8,0,0,0,0,3,1,39,1,passed
2,1853318,10,0,2,0,0,6,1,70,1,failed
2,1853354,0,0,0,0,0,3,1,31,1,passed
2,1853379,0,0,0,0,0,2,1,36,1,passed
2,1861847,0,0,0,0,0,1,1,33,1,passed
2,1866319,0,0,0,0,0,1,1,7,1,passed
2,1868134,4,0,0,0,0,9,1,98,1,passed
2,1868170,4,0,0,0,0,9,1,99,1,passed
2,1868186,95,0,0,1,0,1,1,48,1,passed
2,1868288,5,0,0,0,0,2,1,58,1,passed
2,1868436,0,0,0,0,0,1,1,37,1,passed
2,1868456,0,0,0,0,0,3,1,40,1,passed
2,1868468,2,0,0,0,0,1,1,23,1,passed
2,1868479,2,0,0,0,0,1,1,24,1,passed
2,1868518,0,0,0,0,0,1,1,27,1,passed
2,1868531,18,0,0,0,0,6,1,118,1,passed
2,1868567,25,0,0,0,0,1,1,9,1,passed
2,1868625,0,0,0,0,0,1,1,3,1,passed
2,1868746,0,0,0,0,0,1,1,29,1,passed
2,1869156,18,0,0,0,3,4,1,124,1,passed
2,1869311,6,0,0,0,0,6,1,78,1,passed
2,1871218,0,0,0,0,0,1,1,8,1,passed
2,1871368,4,0,0,0,0,1,1,34,1,passed
2,1871991,0,0,0,0,0,2,2,45,2,passed
2,1872415,6,0,0,0,0,2,2,10,2,passed
2,1879233,3,0,0,0,0,2,1,13,1,passed
2,1879407,12,0,0,0,0,1,1,12,1,passed
2,1879430,15,0,0,0,0,2,1,15,1,passed
2,1879510,5,0,0,0,0,2,1,20,1,passed
2,1879699,28,0,0,0,0,3,1,15,1,passed
2,1880372,72,0,0,1,0,0,1,0,1,passed
2,1880405,0,0,0,0,0,1,1,2,1,passed
2,1882263,0,0,0,0,0,1,1,3,1,passed
2,1882501,0,0,0,0,0,1,1,4,1,passed
2,1882542,0,0,0,0,0,1,1,5,1,passed
2,1882554,28,0,24,1,0,3,1,56,1,passed
2,1882722,16,0,29,1,0,2,2,42,2,passed
2,1891247,16,0,29,1,0,2,1,44,1,failed
2,1891263,2,0,0,0,0,1,1,21,1,failed
2,1891291,2,0,0,0,0,1,1,22,1,passed
2,1891443,56,0,0,0,0,4,1,79,1,passed
2,1891776,59,0,0,0,0,5,1,125,1,passed
2,1891824,3,0,0,0,0,1,1,51,1,passed
2,1891860,3,0,0,0,0,1,1,53,1,passed
2,1899576,6,0,0,0,0,1,1,12,1,passed
2,1899653,6,0,0,0,0,1,1,21,1,passed
2,1900367,79,0,0,0,0,1,1,2,1,passed
2,1900813,49,0,0,2,0,3,1,112,1,passed
2,1900852,4,0,0,0,0,1,1,1,1,passed
2,1900863,4,0,0,0,0,1,1,2,1,passed
2,1900895,2,0,0,0,0,1,1,26,1,failed
2,1901008,0,0,2,0,0,1,1,8,1,passed
2,1901109,18,0,7,1,0,3,1,76,1,passed
2,1901112,18,0,9,1,0,4,1,85,1,passed
2,1901156,0,1,0,0,0,2,1,15,1,passed
2,1901306,0,0,0,0,0,1,1,12,1,passed
2,1916505,14,0,0,0,0,2,1,22,1,passed
2,1916570,2,0,0,0,0,1,1,2,1,passed
2,1917880,1,0,0,0,0,2,1,37,1,passed
2,1917892,0,0,0,0,0,1,1,24,1,passed
2,1924958,31,0,0,0,0,1,1,18,1,passed
2,1925130,0,0,0,2,0,2,1,33,1,passed
2,1926936,21,0,0,0,0,2,1,51,1,passed
2,1927157,6,0,0,0,0,2,1,52,1,passed
2,1928034,0,0,0,0,0,2,1,49,1,passed
2,1928060,0,0,0,0,0,2,1,50,1,passed
2,1929284,0,0,0,0,0,1,1,25,1,passed
2,1929306,2,0,0,0,0,4,1,41,1,passed
2,1929337,14,0,0,1,0,3,1,121,1,passed
2,1929374,0,0,0,0,0,4,1,11,1,passed
2,1929379,0,0,0,0,0,1,1,8,1,passed
2,1929465,0,0,0,0,0,1,1,9,1,passed
2,1938633,76,0,24,1,0,3,1,66,1,passed
2,1947689,2,0,0,0,0,1,1,11,1,passed
2,1948262,34,0,0,0,0,2,1,41,1,passed
2,1955217,6,0,0,0,0,1,1,3,1,passed
2,1955666,0,0,0,0,0,1,1,43,1,passed
2,1965626,6,0,0,0,0,2,1,64,1,passed
2,1965629,0,0,0,0,0,1,1,45,1,passed
2,1965634,0,0,0,0,0,1,1,26,1,passed
2,1965662,32,0,0,0,0,1,1,4,1,passed
2,1966042,10,0,33,0,0,6,1,55,1,passed
2,1978367,47,0,0,0,0,2,1,11,1,passed
2,1979970,60,0,0,0,0,1,1,3,1,passed
2,1980035,33,0,0,0,0,1,1,4,1,passed
2,1980185,0,0,0,0,0,1,1,13,1,passed
2,1988167,76,0,0,0,0,1,1,5,1,passed
2,1988172,2,0,0,0,0,1,1,6,1,passed
2,1988249,10,0,0,0,0,1,1,7,1,passed
2,1988345,6,0,0,0,0,1,1,8,1,passed
2,1988358,8,0,0,0,0,1,1,9,1,passed
2,1988699,9,0,0,0,0,1,1,10,1,passed
2,1992821,34,0,0,0,0,1,1,11,1,passed
3,1993446,0,0,0,0,0,1,1,6,1,passed
3,1996327,103,0,4,0,0,15,1,145,1,passed
3,1996642,0,0,37,0,0,2,1,4,1,passed
3,2001721,0,0,0,0,0,2,1,23,1,passed
3,2006194,0,0,0,0,0,4,1,47,1,passed
3,2006310,5,0,0,1,0,4,1,86,1,passed
3,2006338,0,0,0,0,0,3,1,9,1,passed
3,2013070,3,0,0,0,0,1,1,6,1,passed
3,2024836,0,0,0,0,0,38,1,246,1,passed
3,2025013,0,0,0,1,0,4,1,39,1,passed
3,2025861,33,0,0,0,0,2,1,46,1,passed
3,2041191,0,0,0,0,0,2,1,16,1,passed
3,2043846,2,2,0,0,0,1,1,7,1,failed
3,2044090,168,0,0,0,1,8,2,81,2,failed
3,2044746,35,2,0,0,0,1,1,8,1,passed
3,2044830,142,0,0,1,0,1,1,64,1,passed
3,2049598,0,0,0,0,0,2,1,8,1,passed
3,2059273,17,0,0,0,1,7,1,98,1,passed
3,2059447,4,0,0,0,0,2,1,25,1,passed
3,2059600,8,0,0,0,0,5,1,51,1,passed
3,2059722,0,0,0,0,0,1,1,15,1,passed
3,2063337,14,0,0,1,0,0,1,0,1,passed
3,2063620,7,0,0,0,0,1,1,1,1,passed
3,2070603,48,0,0,0,0,1,1,12,1,passed
3,2072394,48,0,0,0,0,1,1,13,1,passed
3,2073094,0,0,0,10,0,0,1,0,1,passed
3,2089243,11,0,0,1,0,1,1,14,1,passed
3,2089334,0,0,0,0,0,1,1,7,1,passed
3,2089362,0,0,0,0,0,1,1,8,1,passed
3,2089382,2,0,0,0,0,0,1,0,1,passed
3,2091897,49,4,0,0,0,3,1,17,1,failed
3,2092042,3,0,0,1,0,1,1,2,1,failed
3,2092102,2,0,0,0,0,1,1,16,1,failed
3,2092179,9,0,0,0,1,1,1,2,1,failed
3,2092604,27,0,0,0,0,1,1,2,1,failed
3,2097080,1,0,0,0,0,21,1,177,1,passed
3,2114415,0,0,0,0,0,1,1,2,1,passed
3,2115314,11,0,0,0,0,1,1,1,1,passed
3,2126877,8,0,0,0,0,2,1,14,1,passed
3,2127065,52,0,0,0,0,3,1,18,1,passed
3,2138348,36,0,0,0,0,2,1,19,1,passed
3,2143874,36,0,0,0,0,2,1,20,1,passed
3,2147862,2,0,0,0,1,1,1,33,1,passed
3,2148027,3,0,0,0,0,1,1,2,1,passed
3,2148050,5,0,0,0,1,2,1,37,1,passed
3,2148253,2,0,0,0,0,1,1,2,1,passed
3,2148364,0,0,0,0,0,1,1,4,1,passed
3,2148367,0,0,0,0,0,1,1,5,1,passed
3,2148570,0,0,0,0,0,2,2,12,2,passed
3,2154398,4,0,0,0,0,31,1,174,1,failed
3,2155934,2,0,0,0,0,1,1,29,1,failed
3,2156033,0,0,0,1,0,0,1,0,1,passed
3,2156168,8,0,0,0,0,1,1,5,1,passed
3,2164527,27,0,63,0,0,6,2,66,2,passed
3,2164692,2,0,0,0,0,2,1,18,1,passed
3,2185002,59,0,0,0,0,2,1,17,1,passed
3,2185059,6,0,0,0,0,1,1,20,1,passed
3,2196258,94,0,63,0,0,11,1,119,1,passed
3,2196348,4,0,0,0,0,2,1,32,1,passed
3,2208657,5,0,0,0,0,1,1,67,1,passed
3,2209189,23,0,0,0,0,12,2,29,2,passed
3,2209581,57,0,0,1,0,8,1,29,1,passed
3,2246911,11,2,0,1,0,1,1,5,1,passed
3,2257817,11,0,2,0,0,4,1,61,1,passed
3,2382604,0,0,0,0,0,1,1,9,1,passed
3,2382653,68,0,0,1,0,1,1,2,1,passed
3,2383512,68,0,0,1,0,2,1,11,1,passed
3,2444964,27,0,16,0,0,2,1,10,1,failed
3,2445039,13,0,0,1,0,1,1,58,1,passed
3,2514236,65,0,0,1,0,1,2,22,2,passed
3,2534926,16,0,0,0,0,3,1,92,1,passed
3,2541927,0,0,0,0,0,1,1,7,1,passed
3,2546489,0,0,0,0,0,10,2,61,2,passed
3,2553050,2,0,0,0,0,2,1,22,1,passed
3,2565013,12,0,0,0,0,2,1,88,1,passed
3,2565296,12,0,0,0,0,2,1,89,1,passed
3,2566400,9,0,0,0,0,1,1,14,1,passed
3,2570882,0,0,0,0,0,1,1,12,1,passed
3,2571012,0,0,0,0,0,2,1,36,1,passed
3,2611192,23,0,0,0,0,4,1,100,1,passed
3,2611586,80,0,0,1,0,7,1,115,1,failed
3,2611864,0,0,0,0,0,2,1,19,1,failed
3,2611876,0,0,0,0,0,1,1,4,1,failed
3,2631953,103,0,0,1,0,10,1,169,1,failed
3,2632090,0,0,0,0,0,1,1,22,1,failed
3,2632188,2,0,0,0,0,1,1,3,1,passed
3,2646242,13,0,0,1,0,3,3,88,3,passed
3,2659779,21,0,15,0,0,10,2,153,2,passed
3,2672459,82,0,0,0,0,2,2,69,2,passed
3,2697591,0,0,0,0,0,1,1,5,1,passed
3,2744664,10,0,0,0,0,1,2,3,2,passed
3,2759662,30,0,0,2,0,4,2,27,2,passed
3,2820076,3,0,0,0,0,2,1,36,1,passed
3,2821297,66,0,15,1,0,6,4,46,4,failed
3,2821331,0,0,2,0,0,2,1,9,1,failed
3,2821361,0,0,4,0,0,1,1,10,1,passed
3,2849166,0,0,0,0,0,3,2,22,2,passed
3,2870560,2,0,0,0,0,1,1,74,1,passed
3,2882102,45,0,0,1,0,3,3,23,3,passed
3,2882510,0,1,0,0,1,1,2,4,2,passed
3,2896224,487,0,0,1,1,4,1,55,1,passed
3,2907918,532,0,0,1,1,6,1,77,1,failed
3,2908788,45,0,0,0,0,2,1,26,1,failed
3,2924340,2,0,0,0,0,1,1,29,1,failed
3,2938612,2,0,0,0,0,2,1,50,1,failed
3,2969812,7,0,11,0,0,3,2,60,2,passed
3,2970114,36,0,0,0,0,5,3,103,3,failed
3,2970138,2,0,0,0,0,1,1,25,1,passed
3,2983712,36,0,0,0,0,5,1,107,1,passed
3,2983761,0,0,0,0,0,2,1,1,1,passed
3,2983885,0,0,0,0,0,1,1,1,1,passed
3,2983916,0,0,0,0,0,3,1,4,1,passed
3,2999872,31,0,0,2,0,2,1,71,1,passed
3,3015727,2,0,0,0,0,2,1,16,1,failed
3,3015740,0,0,0,0,0,1,1,14,1,passed
3,3027781,74,0,11,19,1,14,1,255,1,passed
3,3027839,15,3,0,1,0,1,1,63,1,passed
3,3046006,2,0,0,0,0,1,1,64,1,passed
3,3048537,29,0,0,0,0,2,1,73,1,passed
3,3048880,15,0,0,0,0,6,1,96,1,passed
3,3077890,33,0,0,0,0,5,2,79,2,passed
3,3092554,133,0,11,20,1,18,1,329,1,failed
3,3107716,2,0,0,0,0,1,1,4,1,passed
3,3175398,47,0,0,0,0,4,3,19,3,passed
3,3267368,6,0,0,0,0,2,1,15,1,passed
3,3275445,0,0,0,2,0,0,1,0,1,passed
3,3275496,0,0,0,0,1,0,1,1,1,passed
3,3275587,8,0,0,0,0,1,1,2,1,passed
3,3275648,8,0,0,0,0,1,1,3,1,passed
3,3275790,25,0,0,1,0,1,1,18,1,passed
3,3345413,28,0,0,1,0,1,1,39,1,passed
3,3345672,9,0,0,0,0,5,1,86,1,passed
3,3345841,32,0,0,0,0,3,2,43,2,passed
3,3346024,103,0,0,1,0,9,1,107,1,passed
3,3346135,65,0,0,2,0,2,2,33,2,passed
3,3395776,0,0,12,0,0,2,1,9,1,passed
3,3399504,4,0,0,0,0,1,1,17,1,passed
3,3404306,4,0,0,0,0,1,1,18,1,passed
3,3412898,4,0,12,0,0,3,1,29,1,passed
3,3429032,8,0,0,0,0,1,1,4,1,passed
3,3429040,1,0,0,0,0,1,1,5,1,passed
3,3430421,47,0,0,0,0,3,3,24,3,passed
3,3430998,0,0,36,0,0,3,1,24,1,passed
3,3443836,4,0,0,0,0,2,1,10,1,failed
3,3443945,4,0,0,0,0,1,1,4,1,passed
3,3444387,29,0,0,0,0,1,1,20,1,passed
3,3445828,714,0,59,27,1,74,2,589,2,passed
3,3446301,0,0,0,0,0,1,1,54,1,passed
3,3446882,34,0,0,0,0,3,1,40,1,passed
3,3472606,10,0,0,1,0,3,1,19,1,passed
3,3491072,46,0,0,0,0,7,1,21,1,passed
3,3506626,18,0,0,1,0,2,1,62,1,passed
3,3507718,298,0,48,3,0,25,1,263,1,passed
3,3526685,0,1,0,0,0,1,1,12,1,passed
3,3527255,19,0,0,0,0,2,2,35,2,passed
3,3527299,14,0,0,0,0,1,1,66,1,passed
3,3544153,8,0,7,0,0,2,1,9,1,passed
3,3562224,142,2,0,10,0,8,1,98,1,passed
3,3562289,2,0,0,0,0,1,1,71,1,passed
3,3571249,2,0,0,0,0,1,1,72,1,passed
3,3605196,50,0,0,2,0,4,1,26,1,passed
3,3605995,21,0,0,1,0,2,1,6,1,passed
3,3678099,0,0,0,0,0,1,1,14,1,passed
3,3678192,91,0,0,0,0,1,1,23,1,passed
3,3678214,0,0,0,0,0,2,1,4,1,failed
3,3678229,0,0,0,0,0,2,1,5,1,passed
3,3678287,0,0,0,0,0,3,2,23,2,passed
3,3678429,24,0,0,0,0,2,1,15,1,passed
3,3679796,24,0,0,0,0,2,1,16,1,passed
3,3680761,8,0,0,0,0,4,1,12,1,passed
3,3680764,8,0,0,2,0,3,1,28,1,failed
3,3683339,2,0,0,0,0,1,1,10,1,passed
3,3684195,76,0,0,0,0,6,1,108,1,passed
3,3684271,149,0,0,0,0,11,1,193,1,passed
3,3684378,10,0,0,0,0,2,1,65,1,passed
3,3684455,6,0,0,0,0,1,1,7,1,passed
3,3684780,0,0,0,0,0,1,1,10,1,passed
3,3685648,43,0,0,2,1,6,1,41,1,passed
3,3689430,68,0,0,1,0,3,1,15,1,passed
3,3692622,0,0,0,0,0,5,1,41,1,passed
3,3693284,2,0,0,0,1,10,1,116,1,passed
3,3693383,0,0,0,0,1,2,1,30,1,passed
3,3693827,0,0,0,0,1,2,1,31,1,passed
3,3694161,12,0,0,0,0,1,1,29,1,passed
3,3694181,48,0,0,0,0,6,1,70,1,failed
3,3694419,48,0,0,0,0,6,1,71,1,passed
3,3694546,2,0,0,0,0,1,1,31,1,passed
3,3694597,0,0,0,0,0,1,1,3,1,passed
3,3695901,107,0,0,0,4,0,1,6,1,passed
3,3696026,8,0,0,0,0,6,1,36,1,passed
3,3696054,115,0,0,0,4,6,1,43,1,passed
3,3697168,4,0,0,0,0,7,1,71,1,passed
3,3697428,4,0,0,0,0,7,1,73,1,passed
3,3697474,10,0,0,0,0,3,1,47,1,passed
3,3697491,2,0,0,0,0,1,1,36,1,failed
3,3698113,0,0,0,0,0,1,1,21,1,failed
3,3698500,42,2,0,1,0,7,1,92,1,passed
3,3705325,0,0,0,0,1,0,1,1,1,passed
3,3708405,9,0,0,0,0,5,1,35,1,passed
3,3708840,12,0,0,0,0,3,1,56,1,passed
3,3710708,2,0,0,0,0,2,1,19,1,passed
3,3710846,0,0,0,0,0,1,1,25,1,passed
3,3710919,0,0,0,0,0,1,1,26,1,passed
3,3713162,63,0,0,0,0,10,1,123,1,passed
3,3713228,0,0,0,0,0,2,1,16,1,passed
3,3713426,2,0,0,0,0,4,1,55,1,passed
3,3713479,2,0,0,0,0,4,1,56,1,passed
3,3714364,11,0,0,3,0,4,1,28,1,passed
3,3714621,0,0,0,0,0,1,1,4,1,passed
3,3714708,5,0,0,0,0,1,1,10,1,passed
3,3715372,15,0,0,0,0,2,1,43,1,passed
3,3715430,8,0,0,0,0,2,1,42,1,passed
3,3715532,0,0,0,0,0,1,1,29,1,passed
3,3715683,0,0,0,0,0,2,1,12,1,passed
3,3715748,0,0,0,0,0,3,1,53,1,passed
3,3716228,0,0,0,0,0,1,1,24,1,passed
3,3716407,0,0,0,0,0,1,1,26,1,passed
3,3716514,14,0,0,0,0,1,1,37,1,passed
3,3716639,86,0,0,0,0,6,2,87,2,passed
3,3732292,150,0,0,1,0,2,1,20,1,passed
3,3733020,480,0,0,1,0,3,1,112,1,passed
3,3745366,16,0,0,0,0,6,1,180,1,passed
3,3745637,3,0,0,0,0,1,1,11,1,passed
3,3750775,13,0,0,0,0,1,1,78,1,failed
3,3754557,2,0,0,0,0,1,1,16,1,passed
3,3762826,15,0,0,0,0,2,1,89,1,passed
3,3769433,2,0,0,0,0,1,1,11,1,passed
3,3769781,106,0,0,2,0,1,1,8,1,passed
3,3778193,108,0,0,2,0,2,1,20,1,failed
3,3783658,36,0,0,0,0,3,2,51,2,failed
3,3848765,384,0,0,1,1,2,1,8,1,failed
3,3858981,26,0,0,0,0,1,1,26,1,failed
3,3860107,5,0,0,0,0,1,1,27,1,failed
3,3866498,4,0,4,0,0,2,1,20,1,passed
3,3876377,63,0,0,0,0,3,1,36,1,passed
3,3877707,21,0,21,0,0,6,1,62,1,passed
3,3907169,2,0,3,0,0,4,2,30,2,passed
3,3927715,2,0,0,0,0,1,1,36,1,passed
3,3928028,116,0,0,0,0,19,1,219,1,passed
3,3928174,56,0,0,0,0,2,1,91,1,passed
3,3928511,172,0,0,0,0,21,1,298,1,passed
3,3956784,12,0,0,0,0,1,1,16,1,failed
3,3961406,4,0,13,0,0,2,1,18,1,passed
3,3965847,33,0,37,2,0,1,1,24,1,passed
3,3966466,38,0,0,0,0,1,1,1,1,passed
3,3973805,9,0,0,0,0,1,1,2,1,passed
3,3979158,0,0,11,0,0,2,2,12,2,failed
3,3982681,43,0,0,0,0,1,2,3,2,passed
3,3995128,17,0,0,0,0,1,2,12,2,passed
3,3997381,68,1,4,0,0,3,2,60,2,passed
3,4018130,24,0,0,1,0,1,1,6,1,passed
3,4018909,20,0,0,0,0,1,1,7,1,passed
3,4035301,64,0,0,0,0,2,1,93,1,passed
3,4037077,2398,0,100,36,8,109,3,862,3,failed
3,4038250,6,0,0,0,0,2,1,25,1,failed
3,4038841,21,0,0,0,0,9,1,93,1,failed
3,4041137,77,0,0,0,2,20,1,249,1,passed
3,4061490,25,0,2,0,0,6,1,194,1,passed
3,4061827,12,0,0,0,0,2,1,42,1,passed
3,4061943,13,0,0,0,0,2,1,50,1,passed
3,4085582,20,0,0,0,0,3,1,95,1,failed
3,4085996,4,0,0,0,0,2,1,53,1,passed
3,4100246,9,0,0,1,0,3,1,102,1,passed
3,4105155,3,0,0,0,0,2,1,54,1,passed
3,4115235,134,0,0,0,0,13,4,257,4,passed
3,4116414,0,0,0,0,0,3,1,43,1,passed
3,4119180,0,0,0,0,0,3,1,44,1,passed
3,4120848,10,0,7,0,0,6,3,117,3,failed
3,4120937,2,0,0,0,0,1,1,9,1,passed
3,4128571,10,0,7,0,0,7,1,139,1,passed
3,4130793,0,0,0,0,0,1,1,7,1,passed
3,4131624,124,0,0,0,0,2,1,39,1,passed
3,4135662,3,0,7,0,0,3,2,103,2,failed
3,4136680,2,0,0,0,0,1,1,9,1,passed
3,4136906,88,0,0,0,0,1,1,10,1,failed
3,4137139,88,0,0,0,0,1,1,11,1,passed
4,4157934,2,0,0,0,0,1,1,28,1,passed
4,4158637,95,0,0,0,0,2,1,15,1,failed
4,4158830,39,0,0,0,0,1,1,7,1,failed
4,4158907,0,0,0,0,0,1,1,5,1,passed
4,4294659,9,0,0,0,0,2,1,40,1,passed
4,4324135,0,0,0,0,0,2,1,19,1,passed
4,4324970,12,0,0,0,0,2,1,41,1,passed
4,4326369,12,0,0,0,0,2,1,42,1,passed
4,4340268,17,0,0,0,0,3,1,74,1,passed
4,4347818,46,0,0,0,0,1,1,23,1,passed
4,4348540,8,0,0,0,0,1,1,14,1,passed
4,4348559,8,0,0,0,0,1,1,15,1,passed
4,4370995,83,0,0,1,0,4,1,52,1,passed
4,4371094,37,0,0,0,0,1,1,2,1,passed
4,4371486,18,0,0,0,0,1,1,9,1,passed
4,4372612,31,0,0,0,0,3,1,24,1,passed
4,4423813,57,0,0,3,0,1,1,2,1,passed
4,4444850,4,0,0,0,0,1,1,78,1,passed
4,4445927,769,0,0,0,0,1,1,1,1,passed
4,4446010,756,0,0,0,0,1,1,2,1,passed
4,4465699,506,0,0,2,1,5,1,87,1,passed
4,4470425,12,0,0,0,0,2,1,98,1,passed
4,4510586,2,0,13,1,0,1,1,1,1,passed
4,4530116,0,0,0,19,0,4,1,111,1,passed
4,4530202,0,0,0,0,0,3,1,52,1,passed
4,4562471,15,0,9,0,0,2,1,53,1,passed
4,4606995,2,0,0,0,0,1,1,18,1,passed
4,4607277,22,0,0,0,0,1,1,19,1,passed
4,4609306,24,0,0,0,0,1,1,20,1,failed
4,4610763,2,0,0,0,0,1,1,45,1,passed
4,4634690,14,0,7,0,0,2,1,56,1,passed
4,4659401,2,0,0,0,0,1,1,5,1,passed
4,4660268,6,0,0,0,0,2,1,83,1,passed
4,4681983,53,1,0,0,0,1,1,11,1,passed
4,4692642,502,0,0,0,1,1,1,4,1,passed
4,4715700,12,0,0,0,0,1,1,3,1,passed
4,4715935,0,0,0,0,0,1,1,7,1,passed
4,4738185,4,0,0,0,0,1,1,6,1,passed
4,4740380,0,0,0,3,0,4,1,132,1,passed
4,4759669,0,0,0,0,0,4,1,107,1,failed
4,4759856,0,0,0,0,0,3,1,5,1,failed
4,4759870,0,0,0,0,0,1,1,4,1,failed
4,4759894,0,0,0,0,0,1,1,5,1,failed
4,4760251,47,0,0,0,0,4,1,51,1,failed
4,4761488,0,0,6,0,0,1,1,9,1,passed
4,4761734,0,0,6,0,0,1,1,10,1,passed
4,4761870,5,0,0,2,0,2,2,16,2,failed
4,4762008,2,0,0,0,0,1,1,13,1,passed
4,4762327,24,0,0,0,0,3,1,28,1,passed
4,4897628,10,0,0,0,1,4,1,132,1,passed
4,4917231,194,0,0,1,0,13,1,224,1,passed
4,4917363,47,0,0,0,0,2,1,23,1,passed
4,4919779,11,0,0,0,0,1,1,17,1,passed
4,4920817,4,0,0,0,0,2,1,105,1,passed
4,4921022,50,0,0,1,1,7,2,192,2,passed
4,4921625,24,0,8,0,0,6,1,126,1,failed
4,4921706,0,0,0,0,0,1,1,51,1,passed
4,4948036,2,0,0,0,0,1,1,26,1,passed
4,4950275,0,0,0,0,0,2,1,76,1,passed
4,4950523,5,0,0,0,0,3,2,37,2,passed
4,4973921,46,0,0,0,0,2,2,43,2,passed
4,5013416,74,0,0,3,0,13,6,234,6,passed
4,5032150,0,2,0,0,0,4,1,83,1,passed
4,5032826,21,0,0,2,0,7,1,64,1,passed
4,5033140,0,0,0,1,0,3,1,26,1,passed
4,5033147,0,0,0,0,0,1,1,2,1,passed
4,5035754,5,0,0,0,0,2,2,38,2,passed
4,5042089,0,0,0,0,0,2,1,30,1,passed
4,5055513,31,0,0,1,0,3,1,97,1,passed
4,5056995,11,0,0,0,0,4,1,65,1,passed
4,5057387,11,0,0,0,0,4,1,66,1,passed
4,5057525,10,0,0,0,0,3,1,145,1,passed
4,5063465,22,0,0,0,0,3,1,44,1,passed
4,5065589,34,0,0,0,0,3,2,100,2,passed
4,5078342,34,0,0,0,0,3,1,102,1,passed
4,5079029,37,0,0,0,0,1,1,21,1,passed
4,5079518,13,0,0,0,0,1,1,22,1,passed
4,5085886,0,0,0,0,0,2,1,83,1,passed
4,5093861,6,0,0,0,0,4,2,108,2,passed
4,5094020,0,0,0,0,0,3,1,34,1,passed
4,5094132,4,0,0,0,1,0,1,2,1,passed
4,5094895,9,0,0,0,0,2,1,58,1,passed
4,5123168,3,0,0,0,0,1,1,13,1,passed
4,5123379,3,0,0,0,0,1,1,14,1,passed
4,5124030,1,0,0,0,0,2,1,61,1,passed
4,5153015,6,0,0,0,0,4,2,86,2,passed
4,5164058,0,0,0,0,0,1,1,19,1,passed
4,5171563,2,0,0,0,0,1,1,30,1,passed
4,5179125,19,0,0,0,0,11,1,186,1,passed
4,5240075,44,0,0,0,0,2,1,27,1,passed
4,5241984,2,0,0,0,0,1,1,32,1,passed
4,5242471,5,0,0,0,0,2,1,42,1,passed
4,5248360,88,0,0,0,0,2,1,42,1,passed
4,5248443,3,0,0,0,0,1,1,22,1,passed
4,5248840,59,0,10,0,0,5,2,191,2,passed
4,5256358,0,0,0,8,0,4,1,102,1,passed
4,5259280,59,0,10,8,0,9,1,281,1,passed
4,5260852,2,0,0,0,0,1,1,27,1,passed
4,5261689,2,0,0,0,0,1,1,1,1,passed
4,5263863,2,0,0,0,0,1,1,3,1,passed
4,5264991,2,0,0,0,0,1,1,23,1,passed
4,5265544,18,0,0,0,0,1,1,44,1,passed
4,5265702,14,0,0,0,0,1,1,1,1,passed
4,5267856,2,0,0,0,0,1,1,2,1,passed
4,5269327,2,0,0,0,0,1,1,3,1,passed
4,5270750,14,0,0,0,0,3,1,52,1,passed
4,5273345,14,0,0,0,0,3,1,53,1,passed
4,5273687,2,0,0,0,0,2,1,40,1,passed
4,5276304,106,0,103,1,0,1,1,6,1,passed
4,5276470,81,0,0,1,0,2,1,81,1,failed
4,5276659,0,0,0,0,0,1,1,75,1,passed
4,5292412,0,0,0,0,0,1,1,21,1,passed
4,5292500,0,0,0,0,0,1,1,22,1,passed
4,5292920,21,0,0,0,0,1,1,4,1,passed
4,5297072,3,0,0,0,0,1,1,28,1,failed
4,5300064,2,0,0,0,0,1,1,29,1,passed
4,5304891,78,0,9,0,7,6,1,302,1,passed
4,5305248,0,0,0,0,0,1,1,23,1,passed
4,5306069,7,0,0,0,1,31,1,150,1,passed
4,5306232,4,0,0,0,0,2,1,43,1,passed
4,5307368,0,0,0,0,0,1,1,24,1,passed
4,5328246,4,0,0,0,0,1,1,12,1,passed
4,5329306,0,0,0,0,0,2,1,3,1,passed
4,5432081,0,0,0,0,0,1,1,7,1,passed
4,5432306,41,0,0,0,0,7,1,163,1,passed
4,5432390,41,0,0,0,0,7,1,164,1,passed
4,5462128,18,0,44,0,0,5,1,72,1,passed
4,5462357,18,0,44,0,0,5,1,73,1,passed
4,5483967,9,0,0,2,0,1,1,22,1,passed
4,5486266,5,0,0,0,0,2,1,67,1,passed
4,5492752,10,0,11,0,0,4,1,68,1,passed
4,5505282,2,0,0,0,0,2,1,45,1,passed
4,5508268,4,0,0,0,0,1,1,102,1,passed
4,5508569,3,0,0,0,0,1,1,103,1,passed
4,5508795,3,0,0,0,0,1,1,104,1,passed
4,5519254,0,0,0,3,0,0,1,0,1,passed
4,5519352,0,0,0,3,0,0,1,1,1,passed
4,5564453,10,0,0,0,0,2,1,46,1,passed
4,5585022,0,0,0,0,0,1,1,27,1,passed
4,5585174,13,0,0,0,0,2,1,55,1,passed
4,5586864,13,0,0,0,0,3,1,82,1,passed
4,5615484,0,0,0,0,0,3,1,58,1,passed
4,5616057,3,0,0,0,0,1,1,29,1,passed
4,5616294,19,1,0,1,0,2,1,93,1,passed
4,5616372,0,0,0,0,0,1,1,29,1,passed
4,5616561,84,0,0,0,0,2,1,120,1,passed
4,5646834,13,0,0,0,0,4,1,49,1,passed
4,5646895,1,0,0,0,0,2,1,33,1,passed
4,5646939,0,0,0,0,0,1,1,22,1,passed
4,5648068,5,0,0,0,0,2,1,121,1,passed
4,5649518,82,0,0,1,0,3,1,10,1,passed
4,5663060,0,0,0,0,0,9,1,90,1,passed
4,5663109,0,0,0,0,0,9,1,91,1,passed
4,5668467,0,0,0,0,0,5,2,18,2,passed
4,5670103,0,0,0,0,0,5,1,20,1,passed
4,5676892,3,0,0,0,0,1,1,30,1,passed
4,5676968,0,0,0,0,0,1,1,27,1,passed
4,5677646,57,0,0,0,0,3,2,46,2,passed
4,5678757,76,0,0,2,0,2,1,10,1,passed
4,5679039,16,0,0,0,0,9,1,283,1,passed
4,5681551,356,0,0,4,0,39,1,546,1,passed
4,5705970,147,0,0,0,0,5,1,144,1,passed
4,5762597,18,3,0,1,0,3,1,113,1,passed
4,5766127,1,0,0,1,0,9,1,134,1,passed
4,5769433,3,0,0,0,0,1,1,58,1,passed
4,5772497,38,7,0,0,1,2,1,65,1,failed
4,5772573,2,0,0,0,0,2,1,60,1,passed
4,5773244,0,0,0,0,0,3,1,23,1,passed
4,5786175,0,0,0,0,0,3,1,24,1,passed
4,5786474,0,1,0,0,0,1,1,2,1,passed
4,5798831,15,0,0,0,0,3,1,63,1,passed
4,5801049,0,0,16,0,0,1,1,20,1,passed
4,6160288,0,0,0,0,0,5,1,69,1,passed
4,6160408,0,0,0,0,0,5,1,70,1,passed
4,6174827,0,0,0,0,0,1,1,36,1,passed
4,6175771,41,0,0,0,0,7,4,138,4,passed
4,6194514,0,0,0,0,0,7,2,22,2,passed
4,6194629,0,0,0,0,0,7,1,24,1,passed
4,6260593,7,0,0,3,0,107,1,589,1,passed
4,6260748,0,0,0,0,0,0,1,0,1,passed
4,6265016,111,0,0,0,0,1,1,2,1,passed
4,6265020,111,0,0,0,0,1,1,3,1,passed
4,6266280,10,0,0,0,0,2,2,118,2,passed
4,6266286,10,0,0,0,0,2,1,120,1,passed
4,6287554,0,0,0,0,0,2,1,37,1,passed
4,6339626,2,0,0,0,0,1,1,6,1,passed
4,6340234,284,0,0,4,1,15,1,278,1,passed
4,6340634,33,0,0,0,0,4,1,82,1,passed
4,6341514,0,0,0,0,0,1,1,5,1,passed
4,6357836,2,0,0,0,0,1,1,26,1,passed
4,6357854,2,0,0,0,0,1,1,27,1,passed
4,6367063,4,0,0,0,0,2,1,45,1,passed
4,6367067,4,0,0,0,0,2,1,46,1,passed
4,6367709,0,0,0,0,0,1,1,41,1,passed
4,6367711,0,0,0,0,0,1,1,42,1,passed
4,6374279,3,0,0,0,0,1,1,4,1,passed
4,6401359,4,0,0,0,0,1,1,24,1,passed
4,6403933,4,0,0,0,0,1,1,25,1,failed
4,6406507,25,4,0,3,0,21,1,207,1,failed
4,6425385,0,0,4,0,0,1,1,8,1,passed
4,6431285,2,0,0,3,0,3,1,87,1,passed
4,6434506,0,0,0,0,3,0,1,1,1,passed
4,6435183,14,0,0,0,0,1,2,24,2,passed
4,6435701,0,0,0,0,0,1,1,8,1,passed
4,6464437,0,0,0,0,0,3,2,59,2,passed
4,6465607,18,1,0,1,0,6,2,39,2,passed
4,6465721,49,0,0,0,0,4,1,85,1,passed
4,6475765,4,0,0,3,3,3,2,89,2,passed
4,6479330,4,0,0,0,0,3,1,89,1,passed
4,6479336,67,0,0,1,0,9,1,120,1,passed
4,6480357,12,4,0,0,0,6,1,141,1,passed
4,6482277,4,0,0,0,0,3,1,77,1,passed
4,6488241,99,0,0,2,0,13,1,172,1,passed
4,6488568,99,0,0,2,0,13,1,173,1,passed
4,6488629,2,0,0,0,0,1,1,9,1,passed
4,6488911,0,0,0,0,0,5,1,115,1,passed
4,6495564,2,0,0,0,0,1,1,10,1,passed
4,6506729,101,0,0,2,0,22,2,256,2,passed
4,6507320,6,0,0,0,0,2,2,9,2,passed
4,6524400,6,0,0,0,0,2,3,92,3,passed
4,6525956,6,0,0,0,0,2,1,11,1,passed
4,6555323,9,0,0,0,0,2,1,92,1,passed
4,6555397,2,0,0,0,0,1,1,75,1,passed
4,6587844,15,0,0,0,0,2,1,60,1,passed
4,6587892,15,0,0,0,0,2,1,61,1,passed
4,6588992,36,0,0,0,0,6,1,162,1,passed
4,6674489,0,0,0,0,0,2,1,13,1,passed
4,6674596,15,0,0,0,1,3,1,53,1,passed
4,6691648,46,0,0,0,1,10,2,199,2,passed
4,6695214,0,0,0,0,0,2,1,9,1,passed
4,6695309,0,0,0,0,0,2,1,10,1,passed
4,6695593,6,0,0,0,0,3,1,21,1,failed
4,6695985,66,0,0,0,0,2,1,73,1,passed
4,6788190,6,0,0,0,0,2,1,97,1,passed
4,6804587,2,0,0,0,0,2,2,70,2,passed
4,6805134,0,0,0,0,0,1,1,81,1,passed
4,6902256,0,0,0,0,0,1,1,2,1,passed
4,6908411,19,0,0,0,0,2,1,54,1,passed
4,7106065,9,0,0,0,0,2,1,50,1,passed
4,7239263,8,0,0,0,0,1,1,48,1,passed
4,7340272,0,0,0,1,0,5,1,3,1,passed
4,7342419,0,0,0,0,0,3,1,38,1,passed
4,7342431,0,0,0,0,0,3,1,39,1,passed
4,7347179,0,0,0,1,0,2,1,77,1,passed
4,7348789,13,0,0,0,0,2,2,35,2,passed
4,7349120,0,0,0,0,0,3,2,65,2,passed
4,7349126,0,0,0,0,0,3,1,67,1,passed
4,7363681,0,0,0,0,0,1,1,23,1,passed
4,7377982,0,0,0,0,0,1,1,40,1,passed
4,7378772,0,0,0,0,0,1,1,23,1,passed
4,7378831,0,0,0,0,0,2,1,60,1,passed
4,7379292,0,0,0,1,0,2,1,78,1,passed
4,7407604,9,0,0,0,0,3,3,118,3,passed
4,7407626,9,0,0,0,0,3,1,121,1,passed
4,7410275,0,0,0,1,0,4,4,79,4,passed
4,7410304,0,0,0,1,0,3,1,83,1,passed
4,7431886,0,0,0,0,0,1,1,24,1,passed
4,7431902,0,0,0,0,0,1,1,25,1,passed
4,7433957,192,0,0,2,0,9,4,205,4,passed
4,7434055,190,0,0,2,0,9,1,209,1,passed
4,7436871,37,0,0,0,0,2,3,37,3,passed
4,7438444,6,0,0,0,0,1,1,36,1,passed
4,7439362,0,0,0,0,0,1,1,37,1,passed
4,7439382,0,0,0,0,0,1,1,38,1,passed
4,7444739,46,0,0,0,0,6,7,210,7,failed
4,7445367,2,0,0,0,0,1,1,14,1,passed
4,7446827,0,0,0,0,0,4,4,60,4,passed
4,7446958,0,0,0,0,0,4,1,64,1,passed
4,7447239,0,0,0,0,0,2,1,54,1,passed
4,7447362,0,0,0,0,0,2,1,55,1,passed
4,7448299,0,0,0,0,0,1,1,8,1,passed
4,7448687,5,0,0,0,0,1,1,5,1,passed
4,7448949,35,0,0,0,0,2,1,41,1,passed
4,7449727,23,0,0,0,0,1,1,38,1,passed
4,7450576,32,0,0,0,0,2,1,43,1,passed
4,7450586,5,0,0,0,0,2,2,108,2,passed
4,7450820,51,0,0,0,0,5,1,221,1,passed
4,7451020,0,0,0,0,0,2,1,9,1,passed
4,7451744,6,0,0,0,0,1,1,6,1,passed
4,7452846,0,0,0,0,0,2,1,27,1,passed
4,7452865,0,0,0,0,0,2,1,28,1,passed
4,7469946,39,0,11,0,0,3,2,114,2,passed
4,7470369,7,0,11,0,0,3,1,116,1,passed
4,7472088,9,0,0,0,0,1,1,8,1,passed
4,7474665,0,0,0,0,0,1,1,26,1,passed
4,7478169,0,0,0,0,0,1,1,23,1,passed
4,7479413,0,0,0,0,0,1,1,24,1,passed
4,7479516,18,0,0,0,0,4,1,50,1,passed
4,7479653,18,0,0,0,0,4,1,51,1,passed
4,7481462,0,0,0,1,0,22,1,250,1,passed
4,7481901,0,0,0,1,0,22,1,251,1,passed
4,7482399,0,0,0,0,0,1,1,6,1,passed
4,7482776,0,0,0,0,0,1,1,27,1,passed
4,7504071,24,0,0,1,0,1,1,12,1,passed
4,7518423,0,0,0,0,0,3,1,59,1,failed
4,7518719,0,0,2,0,0,1,1,11,1,passed
4,7518877,0,0,0,0,0,2,1,52,1,passed
4,7523378,0,0,0,0,0,1,1,25,1,passed
4,7523519,0,0,0,0,0,1,1,26,1,passed
4,7552870,0,0,12,0,0,2,1,91,1,passed
4,7553632,0,0,0,1,0,5,1,4,1,passed
4,7553732,0,0,0,1,0,1,1,8,1,passed
4,7554131,0,0,0,0,0,3,1,98,1,passed
4,7577067,2,0,0,0,0,3,2,78,2,passed
4,7580934,10,0,0,0,0,1,1,14,1,passed
4,7581231,2,0,0,0,0,1,1,15,1,passed
4,7581430,0,0,0,0,0,1,1,28,1,passed
4,7584234,0,0,0,0,0,1,1,41,1,passed
4,7585060,12,0,0,0,0,3,1,83,1,passed
4,7586498,5,0,0,0,0,1,1,25,1,passed
4,7587033,2,0,0,0,0,1,1,33,1,passed
4,7587424,17,0,0,0,0,2,1,77,1,passed
4,7587836,8,0,0,0,0,1,1,34,1,passed
4,7618815,0,0,0,0,0,1,1,8,1,passed
4,7619504,5,0,0,0,0,1,1,3,1,passed
4,7619609,0,0,0,0,0,2,1,69,1,passed
4,7621229,0,0,0,0,0,1,1,9,1,passed
4,7623326,0,0,7,0,0,2,1,13,1,passed
4,7638324,0,0,7,0,0,2,1,14,1,passed
4,7647838,29,0,0,0,0,1,1,105,1,passed
4,7648889,0,0,0,0,0,2,1,82,1,passed
4,7649329,0,0,0,0,0,2,1,33,1,passed
4,7652081,21,0,0,0,0,5,3,129,3,passed
4,7654991,0,0,0,0,0,4,1,99,1,passed
4,7655122,0,0,0,0,0,3,1,82,1,passed
4,7655247,14,0,0,0,0,3,1,67,1,passed
4,7655256,0,0,0,0,0,3,1,83,1,passed
4,7655398,7,0,0,0,0,2,1,62,1,passed
4,7655603,4,0,0,0,0,1,1,10,1,passed
4,7670024,0,0,0,0,0,2,1,74,1,passed
4,7673597,14,0,0,0,0,8,8,110,8,passed
4,7673603,14,0,0,0,0,8,1,118,1,passed
4,7678642,0,0,0,0,0,1,1,13,1,passed
4,7681029,2,0,0,0,0,1,1,111,1,passed
4,7681033,2,0,0,0,0,1,1,113,1,passed
4,7683724,28,0,0,1,0,4,4,90,4,passed
4,7683852,24,0,0,1,0,4,1,94,1,passed
4,7723878,0,0,0,0,0,2,1,82,1,passed
4,7724500,6,0,8,0,0,2,1,82,1,failed
4,7724931,6,0,0,0,0,1,1,58,1,passed
4,7726858,10,0,0,1,0,4,1,150,1,passed
4,7742377,0,0,0,3,0,0,1,0,1,passed
4,7742936,0,0,0,3,0,0,1,1,1,passed
4,7756318,2,0,0,0,0,1,1,59,1,passed
4,7757346,4,0,0,0,0,2,2,80,2,passed
4,7760285,0,0,0,4,0,6,9,80,9,passed
4,7794954,73,0,14,0,0,4,1,65,1,failed
4,7795124,1,0,0,0,0,1,1,26,1,failed
4,7795506,2,0,0,0,0,1,1,27,1,failed
4,7809921,8,0,0,0,0,1,1,59,1,failed
4,7810202,2,0,0,0,0,1,1,60,1,failed
4,7810791,4,0,0,0,0,1,1,61,1,failed
4,7811272,0,0,2,0,0,1,1,18,1,failed
4,7811887,2,0,0,0,0,1,1,62,1,failed
4,7812395,4,0,2,0,0,2,1,75,1,failed
4,7815225,0,0,0,0,0,1,1,9,1,passed
4,7831721,2,0,0,0,0,1,1,114,1,failed
4,7831732,0,0,22,0,0,1,1,7,1,passed
4,7832941,0,0,0,0,0,1,1,1,1,passed
4,7855264,0,0,0,0,0,1,1,2,1,passed
4,7858779,47,0,13,0,0,6,2,183,2,passed
4,7862762,7,0,0,0,0,1,1,22,1,passed
4,7866871,75,0,7,4,0,1,1,88,1,passed
4,7867163,23,0,0,0,0,1,1,103,1,passed
4,7890027,0,0,129,1,0,3,1,41,1,failed
4,7890299,0,0,92,0,0,1,1,26,1,failed
4,7906918,0,0,0,0,0,1,1,10,1,failed
4,7907443,0,0,0,4,0,6,1,89,1,failed
4,7918029,0,0,24,0,0,1,1,27,1,failed
4,7918410,0,0,0,0,0,1,1,7,1,failed
4,7936233,5,0,0,0,0,1,1,40,1,failed
4,7938103,3,0,0,0,0,5,1,74,1,failed
4,7939489,8,0,0,0,0,6,1,111,1,failed
4,7940136,2,0,0,0,0,1,1,14,1,failed
4,7940294,2,0,0,0,0,1,1,15,1,passed
4,7940867,4,0,37,0,0,2,1,36,1,passed
4,7940911,1,0,0,0,0,1,1,30,1,failed
4,7940969,3,0,1,0,0,2,1,38,1,passed
4,7962574,3,0,1,0,0,2,1,39,1,passed
4,7968218,67,0,0,0,0,9,1,101,1,failed
4,7968264,0,0,0,0,0,2,1,63,1,failed
4,7969543,0,0,0,0,0,2,1,58,1,passed
4,7969659,0,0,0,0,0,2,1,59,1,passed
4,7970995,203,0,0,1,0,17,2,299,2,passed
4,7971893,132,0,5,1,0,5,1,157,1,passed
4,7973306,1,0,0,0,0,1,1,49,1,passed
4,7973637,6,0,0,0,0,1,1,43,1,passed
4,7973656,2,0,0,0,0,1,1,25,1,passed
4,7974276,4,0,0,0,0,2,1,34,1,passed
4,7985070,392,0,116,12,0,51,2,854,2,passed
4,7998018,0,0,0,0,0,1,1,49,1,passed
4,8000023,32,0,0,1,0,2,1,50,1,passed
4,8001816,30,0,0,1,0,3,1,104,1,failed
4,8001983,4,0,0,0,0,2,1,153,1,passed
4,8003455,0,0,0,0,0,1,1,8,1,passed
4,8003637,0,0,0,0,0,1,1,27,1,passed
4,8003641,32,0,0,1,0,2,1,52,1,passed
4,8004144,66,0,0,2,0,9,1,323,1,passed
4,8004284,0,0,0,0,0,1,1,49,1,passed
4,8005476,88,0,19,2,0,5,1,125,1,passed
4,8005676,6,0,5,0,0,4,2,64,2,passed
4,8005785,3,0,0,0,0,1,1,16,1,passed
4,8021900,2,0,0,0,0,1,1,34,1,passed
4,8040288,93,0,0,1,0,4,1,157,1,passed
4,8042306,20,0,0,0,0,1,1,110,1,passed
4,8059154,6,0,0,0,0,3,2,32,2,passed
4,8059603,6,0,0,0,0,3,1,34,1,passed
4,8061808,39,0,0,0,0,2,1,12,1,passed
4,8073756,21,0,0,0,0,4,1,120,1,passed
4,8073847,0,0,0,0,0,1,1,50,1,passed
4,8073896,0,0,0,0,0,1,1,51,1,passed
4,8074381,4,0,0,0,0,1,1,16,1,passed
4,8074850,4,0,0,0,0,1,1,9,1,passed
4,8075244,2,0,0,0,0,1,1,53,1,passed
4,8075459,2,0,0,0,0,1,1,17,1,passed
4,8077987,2,0,39,0,0,3,1,35,1,passed
4,8078986,121,0,0,1,0,8,9,284,9,passed
4,8108144,2,0,0,0,0,1,1,71,1,passed
4,8109102,2,0,0,0,0,1,1,18,1,passed
4,8119005,0,0,0,0,0,1,1,1,1,passed
4,8119796,500,0,68,7,0,42,1,793,1,failed
4,8120899,3,0,0,0,0,1,1,59,1,failed
4,8123740,0,0,0,0,0,1,1,52,1,passed
4,8127987,0,0,0,0,0,1,1,25,1,failed
4,8137088,0,0,0,0,0,1,1,53,1,passed
4,8137282,0,0,0,0,0,1,1,54,1,passed
4,8148798,27,0,0,0,0,1,1,3,1,passed
4,8149012,6,0,0,0,0,1,1,4,1,passed
4,8151206,29,0,0,0,0,1,1,5,1,passed
4,8183342,23,1,0,0,0,1,1,6,1,passed
4,8185139,0,0,0,5,8,25,1,365,1,passed
4,8219587,38,0,0,5,8,28,1,409,1,failed
4,8219612,0,0,0,0,0,1,1,69,1,failed
4,8223963,25,0,0,1,0,3,1,193,1,failed
4,8224347,0,0,0,0,0,0,1,0,1,failed
4,8224682,119,0,2,1,1,7,3,306,3,passed
4,8227042,0,0,0,1,0,5,1,40,1,passed
4,8227159,144,0,24,10,0,22,1,387,1,passed
4,8266305,34,0,26,5,0,8,4,82,4,passed
4,8341972,3,0,0,0,0,2,1,87,1,failed
4,8343397,3,0,0,0,0,5,1,116,1,passed
4,8353352,16,0,0,0,0,4,2,177,2,passed
4,8369549,3,0,0,0,0,1,1,32,1,passed
4,8447809,1,0,0,0,0,1,1,33,1,passed
4,8448150,70,0,26,6,0,17,2,381,2,failed
4,8450555,7,0,6,0,0,3,1,68,1,failed
4,8450827,0,0,2,0,0,1,1,25,1,passed
4,8490223,21,0,11,0,0,3,2,101,2,passed
4,8522074,2,0,0,0,0,1,1,29,1,passed
4,8522797,2,0,0,0,0,1,1,2,1,passed
4,8528367,119,0,0,1,0,8,1,251,1,passed
4,8529099,165,0,50,15,0,33,2,618,2,passed
4,8529171,0,0,0,0,0,1,1,5,1,passed
4,8563114,0,0,0,0,0,1,1,2,1,passed
4,8580146,138,0,0,1,1,8,2,253,2,passed
4,8580284,1,0,0,0,0,2,1,52,1,passed
4,8583969,6,0,0,0,0,1,1,20,1,passed
4,8584763,35,0,0,0,0,1,1,116,1,passed
4,8587001,5,0,0,0,0,3,1,106,1,passed
4,8609738,26,0,0,0,0,2,1,19,1,passed
4,8620555,2,0,0,0,0,1,1,7,1,passed
4,8623202,2,0,0,0,0,1,1,8,1,passed
4,8636428,0,0,0,0,0,1,1,25,1,passed
4,8640208,8,0,0,1,0,1,1,96,1,passed
4,8640944,8,0,25,0,0,2,1,2,1,passed
4,8645833,0,0,0,0,0,6,1,140,1,passed
5,8682598,17,0,0,0,0,1,1,19,1,passed
5,8787801,37,0,0,2,2,3,2,160,2,passed
5,8788397,28,0,0,1,0,3,1,64,1,passed
5,8788811,7,0,0,0,0,3,1,93,1,passed
5,8811740,39,0,0,0,0,5,1,93,1,passed
5,8832551,22,0,0,1,0,3,1,149,1,failed
5,8836325,3,0,0,0,0,1,1,40,1,passed
5,8870574,186,0,25,5,2,26,1,604,1,passed
5,8911315,6,0,0,0,0,2,1,151,1,passed
5,8928337,0,0,0,1,0,0,1,0,1,passed
5,8952162,0,0,0,1,0,0,1,1,1,passed
5,9021688,21,0,0,0,0,2,1,137,1,passed
5,9046338,2,0,0,0,0,1,1,18,1,passed
5,9056757,21,0,0,0,0,2,1,140,1,passed
5,9067404,2,0,0,0,0,1,1,120,1,passed
5,9067576,0,0,0,0,0,1,1,75,1,passed
5,9077917,2,0,0,0,0,1,1,8,1,passed
5,9079945,22,0,0,0,0,2,1,155,1,passed
5,9080095,4,0,0,0,0,1,1,21,1,passed
5,9127457,0,0,0,0,0,16,1,273,1,passed
5,9127551,0,0,0,0,0,16,1,274,1,passed
5,9161273,0,0,0,0,0,3,1,39,1,passed
5,9164157,0,0,0,0,0,3,1,40,1,passed
5,9164656,0,0,0,0,0,3,1,41,1,passed
5,9214411,0,0,0,0,0,1,1,3,1,passed
5,9929734,4,0,0,0,0,2,2,53,2,failed
5,9930040,4,0,0,0,0,2,1,55,1,passed
5,9930156,26,0,0,0,0,3,1,51,1,passed
5,9930658,2,0,0,0,0,1,1,40,1,passed
5,9954718,13,0,0,0,0,2,2,35,2,passed
5,9961685,22,0,0,0,0,1,1,14,1,passed
5,9968738,48,0,0,2,0,10,1,201,1,passed
5,9969891,29,0,0,0,0,1,1,45,1,passed
5,9970308,926,0,9,6,1,93,2,1099,2,passed
5,9970686,73,0,0,2,0,10,1,203,1,passed
5,9971568,2,0,0,0,0,1,1,51,1,passed
5,9972506,0,0,0,0,0,3,1,93,1,passed
5,9972660,2,0,0,0,0,1,1,4,1,passed
5,9988201,2,0,0,0,0,1,1,37,1,passed
5,9988294,0,0,0,0,0,1,1,6,1,passed
5,9996287,22,0,0,0,0,1,1,7,1,passed
5,10000853,10,0,0,0,0,2,1,35,1,passed
5,10007583,10,0,0,0,0,2,1,36,1,passed
5,10008052,10,0,0,0,0,2,1,37,1,failed
5,10009172,0,0,28,0,0,1,1,7,1,passed
5,10014091,15,0,0,0,0,2,1,38,1,passed
5,10031588,5,0,0,0,0,3,2,156,2,passed
5,10036247,14,0,0,0,0,2,1,48,1,passed
5,10037791,20,0,0,0,0,2,1,49,1,failed
5,10038699,18,0,0,0,0,2,1,50,1,passed
5,10046946,0,0,0,0,0,1,1,33,1,passed
5,10047218,10,0,0,1,0,0,1,0,1,passed
5,10047939,0,0,0,0,0,1,1,1,1,passed
5,10047985,0,0,0,0,0,1,1,65,1,passed
5,10049693,19,0,0,0,0,2,1,42,1,passed
5,10051255,19,0,0,0,0,2,1,43,1,passed
5,10051680,0,0,0,0,0,1,1,38,1,passed
5,10051687,0,0,0,0,0,1,1,39,1,passed
5,10051907,26,0,0,0,0,4,1,70,1,passed
5,10052155,38,0,0,0,0,1,1,131,1,passed
5,10052228,32,0,0,0,0,3,1,143,1,failed
5,10052240,4,0,0,0,0,1,1,22,1,failed
5,10052342,0,0,0,0,0,1,1,41,1,passed
5,10073029,237,0,38,3,0,38,1,817,1,passed
5,10073125,261,0,19,3,0,13,1,363,1,passed
5,10073711,0,0,0,0,0,1,1,3,1,passed
5,10123629,0,0,0,0,0,1,1,37,1,passed
5,10131065,11,0,0,0,0,1,1,49,1,passed
5,10138917,4,0,0,0,0,1,1,52,1,passed
5,10142360,4,0,0,0,0,1,1,53,1,passed
5,10174442,240,0,0,4,0,1,3,4,3,passed
5,10174478,234,0,0,4,0,0,1,7,1,passed
5,10182251,72,0,0,1,0,0,1,0,1,passed
5,10187710,72,0,0,1,0,1,2,7,2,passed
5,10188001,0,0,0,0,0,1,1,9,1,passed
5,10212263,132,0,0,1,0,4,4,263,4,passed
5,10213221,29,0,0,0,0,1,1,8,1,passed
5,10224238,26,0,0,0,0,1,1,9,1,passed
5,10224395,15,0,0,0,0,1,1,10,1,passed
5,10226093,20,0,0,0,0,2,2,93,2,passed
5,10226113,0,0,0,0,0,1,1,47,1,passed
5,10226528,3,0,0,0,0,2,1,196,1,passed
5,10227617,0,0,0,0,0,2,1,64,1,passed
5,10229680,67,0,0,0,0,1,1,11,1,passed
5,10231171,27,0,0,0,0,1,1,12,1,passed
5,10257876,0,0,0,0,0,1,1,3,1,passed
5,10261826,63,0,0,0,0,1,1,13,1,passed
5,10264055,30,0,0,0,0,1,1,68,1,passed
5,10264273,48,0,0,0,0,4,1,251,1,passed
5,10264308,311,0,0,5,0,5,1,145,1,passed
5,10264314,103,0,0,1,0,4,1,295,1,passed
5,10297297,5,0,0,0,0,1,1,87,1,passed
5,10298592,2,0,0,0,0,1,1,10,1,passed
5,10299441,4,0,0,0,0,2,1,60,1,passed
5,10313194,0,0,0,0,0,1,1,21,1,passed
5,10316496,0,0,0,0,0,1,1,60,1,passed
5,10320495,36,0,0,1,0,4,2,174,2,passed
5,10320503,36,0,0,1,0,4,1,176,1,passed
5,10321339,5,0,0,0,0,1,1,1,1,passed
5,10321399,9,0,0,1,0,1,1,23,1,passed
5,10321735,2,0,0,0,0,1,1,21,1,passed
5,10321780,2,0,0,0,0,1,1,24,1,passed
5,10331553,4,0,0,0,0,2,1,61,1,passed
5,10343256,26,0,0,0,0,1,1,129,1,passed
5,10350874,0,0,42,0,0,1,1,4,1,passed
5,10351285,2,0,6,0,0,4,2,189,2,failed
5,10351411,0,0,2,0,0,1,1,9,1,passed
5,10379920,30,0,0,0,0,2,2,53,2,passed
5,10379925,30,0,0,0,0,2,1,55,1,passed
5,10416086,0,0,0,0,0,1,1,38,1,passed
5,10417405,0,0,0,0,0,3,1,54,1,passed
5,10434144,2,0,0,0,0,1,1,37,1,passed
5,10434626,2,0,0,0,0,1,1,38,1,passed
5,10440441,31,0,0,0,0,5,4,158,4,passed
5,10440460,31,0,0,0,0,5,1,162,1,passed
5,10458657,13,0,0,0,0,2,2,60,2,passed
5,10460698,0,0,0,0,0,1,1,4,1,passed
5,10465503,24,0,0,0,0,5,5,116,5,passed
5,10465572,24,0,0,0,0,5,1,121,1,passed
5,10466324,0,0,0,0,0,1,1,9,1,passed
5,10466725,0,0,0,0,0,2,2,20,2,passed
5,10467509,0,0,0,0,0,1,1,18,1,passed
5,10470052,0,0,0,0,0,1,1,34,1,passed
5,10470940,0,0,0,0,0,2,1,57,1,passed
5,10471867,7,0,0,0,0,1,1,48,1,passed
5,10472347,0,0,0,0,0,2,1,36,1,passed
5,10474015,11,0,0,0,0,5,2,129,2,passed
5,10474889,12,0,0,0,0,4,1,66,1,passed
5,10476425,0,0,0,0,0,2,3,81,3,passed
5,10476428,0,0,0,0,0,2,1,84,1,passed
5,10476534,24,0,0,1,0,3,1,165,1,passed
5,10476768,0,0,0,1,0,0,1,0,1,passed
5,10476975,0,0,0,0,0,1,1,76,1,passed
5,10476982,0,0,0,0,0,1,1,78,1,passed
5,10477056,0,0,0,0,0,1,1,79,1,passed
5,10478173,0,0,0,0,0,1,1,77,1,passed
5,10478178,0,0,0,0,0,1,1,81,1,passed
5,10478513,24,0,0,2,0,5,1,249,1,passed
5,10480157,2,0,0,0,0,1,1,16,1,passed
5,10480925,2,0,0,0,0,1,1,17,1,passed
5,10481156,0,0,0,0,2,0,1,2,1,passed
5,10503070,2,0,0,0,0,1,1,35,1,passed
5,10520946,2,0,0,0,2,2,1,121,1,passed
5,10524795,203,0,0,2,0,10,1,353,1,passed
5,10542886,0,0,0,0,0,2,1,42,1,passed
5,10556139,15,0,0,0,0,1,1,2,1,passed
5,10558562,0,0,0,1,0,0,1,11,1,passed
5,10586228,0,0,0,0,0,1,1,17,1,passed
5,10586345,0,0,0,0,0,1,1,11,1,passed
5,10586595,0,0,0,0,0,3,1,66,1,passed
5,10587034,4,0,0,0,0,1,1,142,1,passed
5,10587048,64,0,0,0,0,1,1,108,1,passed
5,10587095,2,0,0,0,0,1,1,109,1,passed
5,10594052,132,0,0,2,0,8,1,217,1,passed
5,10594763,8,0,0,0,0,1,1,68,1,passed
5,10596377,140,0,0,2,0,13,1,336,1,passed
5,10605864,0,0,0,0,0,2,1,70,1,passed
5,10606354,8,0,0,0,1,1,1,12,1,passed
5,10606645,0,0,0,0,1,0,1,3,1,passed
5,10606943,0,0,0,0,0,1,1,1,1,passed
5,10609587,0,0,0,0,0,1,1,51,1,passed
5,10610186,74,0,0,1,0,1,1,112,1,passed
5,10610191,18,0,0,0,0,3,1,57,1,passed
5,10611972,4,0,0,0,0,1,1,56,1,passed
5,10612400,8,0,0,0,0,2,2,40,2,passed
5,10667583,191,0,7,1,6,16,1,532,1,passed
5,10693265,2,0,0,0,0,1,1,17,1,passed
5,10694098,2,0,0,0,0,1,1,18,1,passed
5,10734570,108,0,0,0,0,7,8,76,8,passed
5,10737658,108,0,0,1,0,8,1,256,1,passed
5,10740651,4,0,0,0,0,2,1,82,1,passed
5,10766067,176,0,0,1,1,0,1,5,1,passed
5,10769756,1,0,0,0,0,1,1,1,1,passed
5,10782179,15,0,11,0,0,3,2,18,2,passed
5,10783082,17,0,6,0,0,4,1,61,1,passed
5,10789001,76,0,0,0,0,1,2,15,2,passed
5,10789019,64,0,0,0,0,1,1,17,1,passed
5,10806661,5,0,0,0,0,1,1,3,1,passed
5,10806952,16,0,0,0,0,3,1,31,1,passed
5,10809408,2,0,0,0,0,1,1,18,1,passed
5,10826436,84,0,0,0,0,7,1,86,1,passed
5,10850489,24,0,0,0,0,4,2,71,2,passed
5,10850598,196,0,0,1,0,6,1,89,1,passed
5,10851561,139,0,0,0,0,3,1,35,1,passed
5,10860675,139,0,0,0,0,3,1,36,1,passed
5,10868413,209,0,0,1,0,9,2,178,2,passed
5,10944086,40,0,0,0,0,1,1,15,1,passed
5,10948947,19,0,24,0,0,8,7,138,7,passed
5,10957175,19,0,24,0,0,8,1,145,1,passed
5,10959074,69,0,0,2,0,4,1,134,1,failed
5,10959777,0,0,0,0,0,2,1,32,1,failed
5,10960769,0,0,0,0,0,2,1,33,1,passed
5,10961806,0,0,0,0,0,2,1,39,1,passed
5,10962476,0,0,0,0,0,2,2,34,2,passed
5,10974633,2,0,0,0,0,5,1,154,1,passed
5,10975247,14,0,0,0,0,1,1,16,1,passed
5,10984438,3,0,65,1,0,3,3,105,3,passed
5,10986190,2,0,0,0,0,1,1,17,1,passed
5,10987143,8,0,0,0,0,1,1,18,1,passed
5,10998435,182,0,0,1,0,5,9,290,9,passed
5,10998505,0,0,0,0,2,0,1,1,1,passed
5,11004472,59,0,0,0,0,3,3,131,3,passed
5,11004521,6,0,0,0,0,3,1,8,1,passed
5,11004836,2,0,0,0,0,1,1,11,1,passed
5,11022977,0,0,0,0,0,1,1,22,1,passed
5,11041153,2,0,0,0,0,1,1,12,1,passed
5,11041156,0,0,0,0,0,1,1,23,1,passed
5,11043326,14,0,6,0,0,2,1,58,1,passed
5,11043870,13,0,0,1,0,2,1,101,1,passed
5,11100863,1,0,0,0,0,1,1,97,1,passed
5,11129049,17,0,23,1,0,6,1,126,1,passed
5,11130041,17,0,23,1,0,6,1,127,1,passed
5,11137214,0,0,0,0,0,2,1,31,1,passed
5,11219192,0,0,0,0,0,1,1,14,1,passed
5,11219666,0,0,0,0,0,2,1,14,1,passed
5,11222933,0,0,0,0,0,1,1,17,1,failed
5,11224401,8,0,0,0,0,2,1,212,1,passed
5,11344441,467,0,0,2,0,9,5,289,5,passed
5,11349597,747,0,0,2,0,10,1,266,1,passed
5,11402625,2,0,0,0,0,1,1,15,1,passed
5,11441605,749,0,0,2,0,11,1,277,1,passed
5,11443805,2,0,0,0,0,1,1,142,1,passed
5,11480748,133,0,0,1,0,4,1,305,1,passed
5,11480755,52,0,0,0,0,1,1,19,1,passed
5,11575068,385,0,0,2,0,8,1,302,1,passed
5,11602339,0,0,0,0,0,2,1,53,1,passed
5,11603104,25,0,0,1,0,4,5,181,5,passed
5,11605162,25,0,0,1,0,4,1,190,1,passed
5,11638655,27,0,0,0,0,1,1,17,1,passed
5,11646882,12,0,7,1,0,2,1,39,1,passed
5,11826288,4,0,0,0,0,1,1,20,1,passed
5,11849591,0,0,0,1,0,1,1,1,1,passed
5,11849916,0,0,0,1,0,1,1,1,1,passed
5,11891539,30,0,0,1,1,3,1,107,1,passed
5,11892348,29,0,0,3,0,7,1,269,1,passed
5,11893228,63,0,0,6,1,12,1,319,1,passed
5,11893316,0,0,258,0,0,25,1,213,1,passed
5,11893482,0,0,0,0,0,1,1,3,1,passed
5,11893493,12,0,0,0,0,4,1,82,1,passed
5,11903124,0,0,0,0,0,1,1,53,1,passed
5,11903691,16,0,0,0,0,2,1,12,1,passed
5,11905013,19,0,0,0,0,3,1,60,1,passed
5,11905152,0,0,0,0,0,1,1,10,1,passed
5,11905463,0,0,0,0,0,3,1,54,1,passed
5,11906165,0,0,0,0,0,1,1,67,1,passed
5,11910453,2,0,0,0,0,2,1,20,1,passed
5,11915023,55,0,0,2,0,14,1,341,1,failed
5,11915084,0,0,0,0,0,2,1,26,1,failed
5,11915363,19,0,18,0,0,4,1,59,1,passed
5,11941074,17,0,0,0,0,3,1,68,1,passed
5,11946740,0,0,0,0,0,1,1,54,1,passed
5,11947190,14,0,0,0,0,4,2,138,2,passed
5,11991485,12,0,0,0,0,1,1,36,1,passed
5,11992080,2,0,0,0,0,1,1,37,1,passed
5,11992348,0,0,0,0,0,1,1,80,1,passed
5,11993108,14,0,0,0,0,2,1,116,1,passed
5,11993444,19,0,0,0,0,2,1,63,1,passed
5,11994290,30,0,0,0,0,2,2,171,2,passed
5,12035489,21,0,0,0,0,3,2,87,2,passed
5,12035512,21,0,0,0,0,3,1,89,1,passed
5,12062294,0,0,0,0,0,1,1,41,1,passed
5,12078850,4,0,0,0,0,2,1,105,1,failed
5,12080562,0,0,2,0,0,1,1,26,1,passed
5,12080846,0,0,0,0,0,1,1,42,1,passed
5,12081370,51,0,5,0,0,5,1,29,1,passed
5,12117778,4,0,0,0,0,1,1,5,1,passed
5,12118292,25,0,0,1,0,2,2,55,2,passed
5,12173276,12,0,0,0,0,2,1,44,1,passed
5,12206862,64,0,0,0,0,2,1,125,1,passed
5,12207998,21,0,0,0,0,1,1,44,1,passed
5,12430717,6,0,0,0,0,2,1,187,1,passed
5,12430764,19,0,0,0,0,3,1,18,1,passed
5,12443276,52,0,0,1,1,0,2,6,2,passed
5,12446516,0,0,0,0,0,0,1,1,1,passed
5,12457291,4,0,0,0,0,2,1,16,1,passed
5,12861627,62,0,0,0,0,2,2,188,2,passed
5,12916206,0,0,0,0,0,4,1,78,1,passed
5,13097806,0,0,0,0,0,1,1,18,1,passed
5,13097942,4,0,0,0,0,1,1,73,1,passed
5,13098022,4,0,0,0,0,3,1,177,1,passed
5,13099868,0,0,0,0,0,1,1,19,1,passed
5,13102386,6,0,0,0,0,3,2,53,2,passed
5,13191926,31,0,4,1,0,14,1,354,1,passed
5,13238854,31,0,4,1,0,14,1,355,1,passed
5,13298537,56,0,0,0,0,1,1,62,1,passed
5,13423946,9,0,0,0,0,4,1,108,1,passed
5,13458035,0,0,0,0,0,3,1,53,1,passed
5,13599556,2,0,0,0,0,1,1,2,1,passed
5,13718845,32,0,0,0,0,5,1,150,1,passed
5,13718860,1,0,0,0,0,1,1,74,1,passed
5,13720024,36,0,0,0,0,4,1,128,1,passed
5,13787903,33,0,2,0,0,4,1,252,1,passed
5,13893535,0,0,0,0,0,2,1,20,1,passed
5,13899049,100,0,0,1,0,12,4,136,4,passed
5,13931040,2,0,0,0,0,1,1,41,1,passed
5,13947357,2,0,0,0,0,1,1,42,1,passed
5,13990078,22,0,0,1,0,0,1,0,1,passed
5,14004520,19,0,0,0,0,1,1,1,1,passed
5,14123387,31,0,0,0,0,3,1,151,1,passed
5,14232126,0,0,0,0,0,1,1,12,1,passed
5,14232230,0,0,0,0,0,1,1,13,1,passed
5,14350345,2,0,0,0,0,1,1,22,1,passed
5,14351793,130,0,0,0,0,3,1,141,1,passed
5,14352080,117,0,0,0,0,4,1,111,1,passed
5,14404069,2,0,0,0,0,4,2,121,2,failed
5,14404361,2,0,0,0,0,1,1,39,1,passed
5,14405700,0,0,0,0,0,1,1,21,1,passed
5,14405975,2,0,0,0,0,4,1,125,1,passed
5,14468882,2,0,0,0,0,1,1,57,1,passed
5,14472218,1,0,0,0,0,3,1,120,1,passed
5,14476151,1,0,0,0,0,3,1,121,1,passed
5,14501555,0,0,0,0,0,1,1,67,1,passed
5,14513610,4,0,0,0,0,1,1,24,1,passed
5,14527980,4,0,0,0,0,1,1,25,1,passed
5,14529045,6,0,0,0,0,2,1,192,1,passed
5,14564445,25,0,0,0,0,3,1,195,1,passed
5,14566002,25,0,0,0,0,3,1,196,1,passed
5,14567834,0,0,0,0,0,1,1,23,1,passed
5,14568462,2,0,0,0,0,1,1,3,1,passed
5,14577685,15,0,0,0,0,2,1,112,1,passed
5,14577867,0,0,0,0,0,1,1,43,1,failed
5,14578310,0,0,0,0,0,2,1,52,1,passed
5,14580929,105,0,0,0,0,4,1,222,1,passed
5,14755325,0,0,0,0,0,2,1,26,1,passed
5,14790756,22,0,0,0,0,2,1,40,1,passed
5,14847759,1,0,0,1,0,8,1,188,1,passed
5,14963514,58,0,0,0,0,1,1,157,1,passed
5,15054524,0,0,0,0,0,3,1,71,1,passed
5,15058280,2,0,0,0,0,1,1,6,1,passed
5,15058624,2,1,0,0,0,1,1,7,1,passed
5,15245781,2,0,0,0,0,2,2,47,2,passed
5,15383231,2,2,0,0,0,1,1,162,1,failed
5,15415508,1,0,0,0,0,1,1,42,1,passed
5,15434036,1,0,0,0,0,1,1,43,1,failed
6,15621824,5,0,0,0,0,4,2,42,2,passed
6,15622005,5,0,0,0,0,4,1,44,1,passed
6,15622778,0,0,7,0,0,1,1,30,1,failed
6,15623101,74,0,0,0,0,3,1,112,1,passed
6,15623267,98,0,22,1,0,7,1,327,1,passed
6,15665193,1,0,0,0,0,3,1,53,1,failed
6,15665502,0,0,0,0,0,2,1,8,1,passed
6,15690282,5,0,0,0,0,2,1,65,1,passed
6,15721467,1,0,0,0,0,3,1,55,1,passed
6,15721488,5,0,0,0,0,2,1,68,1,passed
6,15723718,0,0,0,0,0,1,2,57,2,passed
6,15725742,0,0,0,0,0,1,1,59,1,passed
6,15744625,11,0,0,0,0,2,2,52,2,passed
6,15744985,11,0,0,0,0,2,1,54,1,passed
6,15783653,0,0,0,0,0,1,1,4,1,passed
6,15783770,0,0,0,0,0,1,1,37,1,passed
6,15784763,0,0,0,0,0,1,1,46,1,passed
6,15788319,0,0,0,0,0,1,1,47,1,passed
6,15788350,9,0,0,0,0,2,1,79,1,passed
6,15788765,0,0,0,0,0,1,1,5,1,passed
6,15789209,0,0,0,0,0,1,1,6,1,passed
6,15798783,31,0,0,0,0,4,1,36,1,passed
6,15799999,31,0,0,0,0,4,1,37,1,passed
6,15800272,0,0,0,0,0,1,1,3,1,passed
6,15800905,105,0,0,0,0,5,2,267,2,passed
6,15801005,78,0,0,1,0,12,1,232,1,passed
6,15801699,5,0,0,0,0,2,1,59,1,passed
6,15802427,0,0,0,0,0,1,1,38,1,passed
6,15802899,0,0,0,0,0,3,1,76,1,passed
6,15820752,4,0,0,0,0,5,1,90,1,passed
6,15821316,2,2,0,0,0,1,1,41,1,passed
6,15821616,0,2,0,0,0,1,1,17,1,passed
6,15821788,0,0,0,1,0,2,1,29,1,passed
6,15822187,10,0,0,1,0,1,1,120,1,passed
6,15823126,5,0,0,0,0,4,1,158,1,passed
6,15823821,0,0,0,0,0,2,1,39,1,passed
6,15824025,4,0,0,0,0,1,1,61,1,passed
6,15824664,2,0,0,0,0,3,1,110,1,passed
6,15826359,0,0,0,0,0,3,1,69,1,passed
6,15826995,0,0,0,0,0,2,1,31,1,passed
6,15834477,4,0,0,0,0,1,1,172,1,passed
6,15837092,2,0,0,0,0,1,1,42,1,passed
6,15837722,116,6,0,0,0,2,2,62,2,passed
6,15837812,0,0,0,0,0,1,1,29,1,passed
6,15839930,0,0,0,0,0,1,1,30,1,passed
6,15871475,3,0,0,0,0,2,1,105,1,passed
6,15891908,114,0,0,0,0,1,1,36,1,passed
6,15892155,2,2,0,1,0,1,1,37,1,passed
6,15895128,0,0,0,0,0,1,1,27,1,passed
6,15897914,0,0,0,0,1,0,1,1,1,passed
6,16021915,14,0,0,0,0,3,2,83,2,passed
6,16044660,6,0,0,0,0,1,1,3,1,passed
6,16127049,0,0,0,0,0,1,1,27,1,passed
6,16165780,22,0,0,0,0,1,1,12,1,passed
6,16166377,15,0,0,0,0,1,2,13,2,passed
6,16167598,12,0,0,0,0,1,1,3,1,passed
6,16174596,43,0,0,0,0,3,1,46,1,passed
6,16196796,0,0,0,0,0,1,1,47,1,passed
6,16198043,0,0,0,0,0,1,1,25,1,passed
6,16198807,1,0,0,0,0,1,1,147,1,passed
6,16239107,9,0,0,0,0,2,1,84,1,passed
6,16337971,0,0,0,0,0,1,1,30,1,passed
6,16342610,0,0,0,0,0,1,1,31,1,passed
6,16376308,8,0,0,0,0,1,1,63,1,passed
6,16386515,0,0,0,0,0,1,1,2,1,passed
6,16478739,96,0,0,0,0,3,2,54,2,passed
6,16482209,96,0,0,0,0,3,1,56,1,passed
6,16496729,2,0,0,0,0,1,1,38,1,passed
6,16500394,180,0,20,1,0,8,9,228,9,passed
6,16500733,178,0,20,1,0,8,1,237,1,passed
6,16501280,1,0,0,0,0,1,1,59,1,passed
6,16501846,84,0,0,1,0,3,1,48,1,passed
6,16502476,12,0,0,0,0,1,1,173,1,passed
6,16603029,8,0,0,0,0,1,1,50,1,passed
6,16702053,2,0,0,0,0,1,1,58,1,passed
6,16706085,8,0,0,0,0,1,1,89,1,passed
6,16757721,149,0,0,0,0,11,8,102,8,passed
6,16843346,83,0,0,3,0,5,2,186,2,passed
6,16845974,67,0,0,1,0,6,3,42,3,passed
6,16848706,8,0,0,0,0,1,1,90,1,passed
6,16848770,91,0,0,0,0,11,1,111,1,passed
6,16910205,1,0,0,2,0,2,1,10,1,passed
6,16970356,0,0,0,0,0,1,1,29,1,passed
6,16971081,2,0,0,0,0,2,2,201,2,passed
6,16971708,36,0,0,0,0,3,1,231,1,passed
6,16978194,2,0,0,0,0,1,1,26,1,passed
6,17008859,89,0,0,0,0,3,1,73,1,passed
6,17010034,89,0,0,0,0,3,1,74,1,passed
6,17029513,2,0,0,0,0,1,1,35,1,passed
6,17035487,2,0,0,0,0,1,1,36,1,passed
6,17035785,0,0,0,0,0,1,1,8,1,passed
6,17036279,0,0,0,0,0,3,1,3,1,passed
6,17040519,21,0,0,0,0,2,1,96,1,passed
6,17041370,6,0,0,0,0,1,1,110,1,passed
6,17042596,2,0,0,0,0,1,1,97,1,passed
6,17043059,0,3,0,0,0,2,1,6,1,passed
6,17073375,0,0,0,0,0,1,1,9,1,passed
6,17081772,22,3,0,2,0,3,4,143,4,passed
6,17104420,22,0,0,2,0,3,1,147,1,passed
6,17144402,14,0,0,0,0,4,4,75,4,failed
6,17145756,0,0,4,0,0,2,1,40,1,passed
6,17146403,14,0,4,0,0,6,1,115,1,passed
6,17147935,12,0,0,0,0,4,3,154,3,passed
6,17148425,12,0,0,0,0,4,1,157,1,passed
6,17158783,48,0,0,0,0,6,5,120,5,passed
6,17160079,110,0,0,0,0,4,2,107,2,passed
6,17173589,51,0,0,0,0,6,5,118,5,passed
6,17189178,0,7,0,0,0,1,1,31,1,passed
6,17192420,0,0,0,0,0,1,1,1,1,passed
6,17195180,0,0,0,0,0,1,1,2,1,passed
6,17199320,2,0,0,0,0,1,1,2,1,passed
6,17208974,65,0,0,0,0,6,1,129,1,passed
6,17252925,0,0,0,1,0,2,1,79,1,passed
6,17253195,0,0,0,1,0,2,1,80,1,passed
6,17253622,0,0,0,0,0,1,1,2,1,passed
6,17294779,0,0,0,0,0,1,1,3,1,passed
6,17295018,0,0,0,0,0,1,1,4,1,passed
6,17319752,2,1,0,0,0,2,1,84,1,passed
6,17356156,4,0,0,0,0,2,1,114,1,passed
6,17356795,4,0,0,0,0,2,1,115,1,passed
6,17375444,20,0,0,0,0,3,1,104,1,passed
6,17379887,7,0,0,0,0,1,1,46,1,passed
6,17381451,19,0,0,0,0,2,1,71,1,passed
6,17394588,12,0,0,0,0,2,1,218,1,passed
6,17445233,2,0,0,0,0,1,1,48,1,passed
6,17448094,18,0,0,0,0,2,2,167,2,failed
6,17448853,0,0,22,0,0,1,1,30,1,failed
6,17457994,4,4,0,0,0,1,1,76,1,passed
6,17458258,18,0,22,0,0,3,1,182,1,passed
6,17490209,4,0,0,0,0,1,1,78,1,failed
6,17492566,1,0,0,0,0,1,1,60,1,passed
6,17492706,2,0,0,0,0,1,1,61,1,passed
6,17498635,4,0,0,0,0,1,1,79,1,passed
6,17500361,4,0,0,0,0,1,1,80,1,passed
6,17500982,4,0,0,0,0,1,1,81,1,passed
6,17513977,2,0,0,0,0,1,1,182,1,passed
6,17525344,8,0,0,0,0,1,1,5,1,passed
6,17569450,10,0,0,0,0,1,1,52,1,passed
6,17572607,10,0,0,0,0,1,1,53,1,passed
6,17580063,2,0,0,0,0,1,1,1,1,passed
6,17589943,0,0,0,0,0,1,1,2,1,failed
6,17627477,14,0,5,0,0,2,1,102,1,passed
6,17632767,2,0,0,0,0,1,1,15,1,passed
6,17633912,0,1,0,0,0,1,1,8,1,passed
6,17634450,15,0,0,0,0,2,3,102,3,passed
6,17668630,13,0,0,0,0,2,1,106,1,passed
6,17723531,13,0,0,0,0,1,1,24,1,passed
6,17736528,2,0,1,0,0,2,2,65,2,failed
6,17737480,0,0,2,0,0,1,1,25,1,passed
6,17744079,53,0,5,0,0,8,2,287,2,passed
6,17744581,0,0,0,0,0,0,1,0,1,failed
6,17745766,0,2,0,0,0,1,1,37,1,passed
6,17746076,13,0,3,1,0,5,1,223,1,passed
6,17746554,0,0,0,0,0,1,1,39,1,passed
6,17746568,0,0,0,0,0,1,1,41,1,passed
6,17746689,0,0,0,0,0,3,1,61,1,passed
6,17784251,6,0,0,0,0,1,1,53,1,passed
6,17813268,11,0,0,0,0,1,1,124,1,passed
6,17816315,65,1,11,0,0,3,1,93,1,passed
6,17816920,2,0,0,0,0,1,1,71,1,failed
6,17817906,30,0,9,0,0,3,2,89,2,passed
6,17848240,12,0,0,0,0,2,1,75,1,failed
6,17852982,0,0,2,0,0,1,1,12,1,passed
6,17880742,29,0,0,0,0,3,1,60,1,passed
6,17883084,40,0,0,0,0,1,1,115,1,passed
6,18004799,284,0,0,19,1,30,18,693,18,passed
6,18010050,254,0,0,19,1,28,1,681,1,passed
6,18011199,2,0,0,0,0,1,1,158,1,passed
6,18013716,2,0,0,0,0,2,1,223,1,passed
6,18044929,11,0,0,0,0,1,1,108,1,passed
6,18059317,0,0,0,0,0,2,1,41,1,passed
6,18059893,11,0,0,1,0,2,1,56,1,passed
6,18059932,2,0,0,0,0,1,1,52,1,passed
6,18076993,4,0,0,0,0,1,1,8,1,passed
6,18077150,5,0,0,0,1,1,1,9,1,passed
6,18077311,14,2,0,0,0,1,1,10,1,passed
6,18100106,5,0,0,0,0,2,1,185,1,passed
6,18102190,5,0,0,0,0,2,1,187,1,passed
6,18106940,12,0,0,0,0,2,1,61,1,passed
6,18778991,1,0,0,0,0,1,1,184,1,passed
6,18859273,20,2,0,0,0,2,1,230,1,passed
6,18898923,17,0,0,0,0,5,1,312,1,passed
6,18899876,33,0,0,0,0,1,1,167,1,passed
6,18920386,140,1,0,0,6,5,1,250,1,passed
6,18961663,2,0,0,0,0,1,1,7,1,passed
6,19057889,11,0,0,0,0,2,1,237,1,passed
6,19082577,9,0,0,0,0,2,1,238,1,passed
6,19127411,7,0,0,0,0,1,1,5,1,passed
6,19128178,2,0,0,0,0,1,1,8,1,passed
6,19138323,9,0,0,0,0,2,1,15,1,passed
6,19139089,4,0,0,0,0,2,1,240,1,passed
6,19150658,8,0,0,0,0,3,1,271,1,passed
6,19152599,1,0,0,0,0,1,1,119,1,passed
6,19160188,3,0,0,0,0,1,1,194,1,failed
6,19160388,31,3,0,2,0,1,1,125,1,passed
6,19198917,14,0,0,0,0,1,1,10,1,passed
6,19421295,54,0,0,0,0,2,1,243,1,passed
6,19545581,2,0,0,0,0,1,1,40,1,passed
6,19622112,12,0,0,0,0,2,1,132,1,passed
6,19626834,11,0,0,0,0,2,1,92,1,passed
6,19778480,8,0,0,0,0,2,1,244,1,passed
6,19781917,7,1,0,1,0,2,1,150,1,passed
6,19994137,0,0,0,0,0,1,1,5,1,passed
6,20024166,2,13,35,0,0,2,2,61,2,passed
6,20070099,2,0,2,0,0,2,1,63,1,passed
6,20075610,2,0,35,0,0,2,1,64,1,passed
6,20101650,2,0,233,2,0,12,10,218,10,passed
6,20104364,2,0,233,2,0,12,1,228,1,passed
6,20177898,2,0,0,0,0,1,1,12,1,passed
6,20178364,17,0,0,0,1,0,1,4,1,passed
6,20180471,57,0,351,6,1,14,7,196,7,failed
6,20327871,2,0,129,0,0,2,2,87,2,failed
6,20328598,3,0,0,0,0,1,1,63,1,passed
6,20329707,45,0,480,6,0,16,1,253,1,passed
6,20377769,88,0,0,1,3,4,1,280,1,passed
6,20843013,0,0,0,0,0,1,1,39,1,passed
6,21850226,6,0,0,0,0,1,1,3,1,passed
6,21852859,6,0,0,0,0,1,1,4,1,passed
6,22240806,14,0,0,0,0,6,1,293,1,passed
6,22286455,0,0,0,0,0,1,1,27,1,passed
6,22305322,6,0,0,0,0,1,1,41,1,passed
6,23833468,1,0,0,0,0,1,1,21,1,passed
6,23835887,2,0,0,0,0,3,3,54,3,passed
6,23849150,27,0,0,0,0,1,1,198,1,passed
6,23877651,13,3,0,0,0,3,2,122,2,passed
6,23886168,57,0,0,0,0,1,1,64,1,passed
6,23901050,0,0,0,0,0,1,1,6,1,passed
6,23907105,65,0,0,3,0,6,1,200,1,passed
6,23907505,5,0,0,0,0,3,1,34,1,passed
6,23907617,0,0,0,0,0,1,1,2,1,passed
6,24890159,156,0,0,0,1,11,1,547,1,passed
6,24948682,6,0,0,0,0,1,1,204,1,failed
6,25020979,2,0,0,0,0,1,1,6,1,failed
6,25021689,0,2,0,0,0,1,1,42,1,passed
6,25180230,0,0,0,0,0,1,1,29,1,passed
6,25180271,0,0,0,0,0,1,1,30,1,passed
6,25185165,0,1,0,0,0,1,1,31,1,passed
6,25185752,0,0,0,0,0,1,2,32,2,passed
6,25185799,67,0,0,6,0,2,1,84,1,passed
6,25264422,37,0,0,1,0,2,2,166,2,passed
6,25274921,25,9,0,0,0,4,1,75,1,passed
6,25422026,2,0,0,0,0,2,1,11,1,passed
6,25423127,0,0,0,0,0,1,1,5,1,passed
6,25423312,0,0,0,0,0,1,1,6,1,passed
6,25425788,90,0,0,0,0,4,1,76,1,passed
6,25473698,28,7,0,0,0,4,1,92,1,passed
6,25483865,2,0,0,0,0,1,1,28,1,passed
6,25485370,10,0,0,0,0,3,1,70,1,passed
6,25485778,10,0,0,0,0,3,1,71,1,passed
6,25485928,9,0,0,0,0,3,1,72,1,passed
6,25487997,0,0,0,0,0,1,1,48,1,passed
6,25489531,5,0,0,0,0,1,1,15,1,passed
6,25489655,5,0,0,0,0,2,1,64,1,passed
6,25490208,2,2,0,0,0,1,1,42,1,passed
6,25531621,0,0,0,0,0,0,1,0,1,passed
6,25626592,27,0,0,0,0,2,2,130,2,passed
6,25629718,2,0,0,0,0,1,1,96,1,passed
6,25702268,0,0,0,0,0,2,1,67,1,passed
6,25726309,8,0,0,0,0,1,1,67,1,passed
6,25730904,23,0,0,0,0,2,1,106,1,failed
6,25761495,8,0,0,0,0,3,1,131,1,passed
6,25775743,2,0,0,0,0,1,1,56,1,passed
6,25799484,2,0,0,0,0,1,1,57,1,passed
6,25801773,10,0,0,0,0,1,1,97,1,passed
6,25810279,67,1,0,0,0,2,1,253,1,passed
6,25811143,27,0,0,0,0,2,1,134,1,passed
6,25812305,23,0,0,0,0,2,1,108,1,passed
6,25843028,0,0,0,0,0,20,1,8,1,passed
6,25881764,8,0,0,1,0,1,1,127,1,passed
6,25886525,2,0,0,0,0,1,1,44,1,passed
6,25909276,8,5,0,0,0,4,1,327,1,passed
6,25917223,8,0,0,0,0,4,1,328,1,passed
6,26005667,0,0,0,0,0,1,1,51,1,passed
6,26024291,0,0,0,0,0,1,1,52,1,passed
6,26072275,0,3,0,0,0,1,1,17,1,passed
6,26072680,0,0,0,0,0,1,1,18,1,passed
6,26075466,0,2,0,2,0,1,1,51,1,passed
6,26075757,0,0,0,0,0,1,1,52,1,passed
6,26079326,0,0,0,0,0,2,1,36,1,passed
6,26092261,0,0,0,0,0,1,1,20,1,passed
6,26236830,9,0,0,0,0,1,1,209,1,passed
6,26244428,0,0,0,0,0,1,1,24,1,passed
6,26273044,0,0,0,0,0,1,1,70,1,passed
6,26314249,0,2,0,0,0,1,1,30,1,passed
6,26315152,0,0,0,0,0,1,1,31,1,passed
6,26318111,6,0,0,0,0,1,1,43,1,passed
6,26324488,2,0,0,0,0,1,1,70,1,passed
6,26331821,104,0,0,2,0,5,1,336,1,failed
6,26333124,0,0,7,0,0,1,1,3,1,passed
6,26336995,7,0,0,0,0,3,1,86,1,passed
6,26342176,13,0,0,1,0,1,1,8,1,passed
6,26342344,2,0,0,0,0,1,1,45,1,passed
6,26350030,20,0,0,1,0,3,1,89,1,passed
6,26488824,42,0,0,0,0,7,1,273,1,passed
6,26499211,9,0,0,0,0,2,1,11,1,passed
6,26547310,9,0,0,0,0,2,1,12,1,passed
6,26686405,2,0,0,0,0,1,1,88,1,passed
6,26689827,2,0,0,0,0,1,1,89,1,passed
7,26907051,8,0,0,0,0,2,1,261,1,passed
7,26960909,111,7,0,3,0,26,5,406,5,passed
7,26961480,165,0,0,3,0,69,1,1042,1,passed
7,26979825,0,0,0,0,15,0,1,29,1,passed
7,26998137,14,0,0,1,0,3,1,290,1,passed
7,27025825,184,0,0,3,15,73,2,1252,2,failed
7,27032122,0,0,0,0,0,2,1,61,1,passed
7,27033462,0,0,0,0,0,9,1,181,1,passed
7,27035970,3,0,0,0,0,1,2,12,2,passed
7,27041098,1,0,0,0,0,1,1,14,1,passed
7,27047571,2,0,0,0,0,1,1,99,1,passed
7,27049168,3,0,0,0,0,11,1,285,1,passed
7,27150501,13,0,0,0,0,2,1,271,1,passed
7,27269361,13,0,0,2,0,1,1,60,1,passed
7,27271899,6,4,0,0,0,1,1,23,1,passed
7,27304416,10,0,0,0,0,1,1,53,1,passed
7,27330561,0,0,0,0,0,1,1,40,1,passed
7,27335975,16,0,0,0,0,2,1,89,1,passed
7,27336341,0,0,0,0,0,1,1,40,1,passed
7,27342136,2,0,0,0,0,3,3,30,3,passed
7,27343293,2,0,0,0,0,3,1,33,1,passed
7,27347615,0,0,0,0,0,1,1,42,1,passed
7,27359985,116,0,0,0,0,11,2,134,2,passed
7,27362576,2,0,0,0,0,1,1,16,1,passed
7,27362811,110,0,0,0,0,11,1,136,1,passed
7,27368461,2,0,0,0,0,1,1,17,1,passed
7,27368496,0,0,0,0,0,1,1,44,1,passed
7,27452594,244,0,0,1,0,9,17,152,17,passed
7,27518497,0,0,0,0,0,1,1,4,1,passed
7,27522983,0,0,0,0,0,1,1,29,1,passed
7,27538683,154,0,0,1,0,8,1,170,1,passed
7,27539359,12,0,0,0,0,1,1,20,1,passed
7,27540281,0,0,0,0,0,1,1,4,1,passed
7,27541306,0,0,0,0,0,1,1,19,1,passed
7,27541988,0,0,0,0,0,2,1,38,1,passed
7,27542280,12,0,0,0,0,1,1,53,1,failed
7,27542650,0,0,5,0,0,1,1,5,1,passed
7,27543076,15,0,0,0,0,2,1,110,1,passed
7,27543612,0,0,0,0,0,1,1,15,1,passed
7,27543779,0,0,0,0,0,1,1,16,1,passed
7,27543876,0,0,0,0,0,1,1,16,1,passed
7,27544117,0,0,0,0,0,1,1,18,1,passed
7,27548534,0,0,0,0,0,2,1,39,1,passed
7,27550085,18,0,0,0,0,4,2,107,2,passed
7,27551181,18,0,0,0,0,4,1,109,1,passed
7,27577523,0,0,0,0,0,1,1,53,1,passed
7,27581938,0,0,0,0,0,12,1,206,1,failed
7,27582697,0,0,0,0,0,1,1,50,1,passed
7,27592274,0,0,0,0,0,1,1,25,1,passed
7,27593409,0,0,0,0,0,1,1,16,1,passed
7,27594843,0,0,0,0,0,1,1,19,1,passed
7,27615672,501,1,0,1,4,3,2,91,2,passed
7,27618699,501,0,0,1,4,3,1,93,1,passed
7,27622868,122,0,0,0,0,2,1,70,1,passed
7,27623044,122,0,0,0,0,2,1,72,1,passed
7,27637094,4,0,0,0,0,1,1,1,1,passed
7,27637952,120,0,0,0,0,3,2,122,2,passed
7,27638790,53,0,0,2,0,10,1,273,1,passed
7,27639335,4,0,0,0,0,1,1,3,1,passed
7,27639529,120,0,0,0,0,3,1,124,1,passed
7,27649541,32,0,0,0,0,4,1,132,1,passed
7,27650089,0,0,0,0,0,2,1,119,1,passed
7,27708805,2,0,0,0,0,1,1,36,1,passed
7,27716913,166,0,0,2,0,3,2,80,2,passed
7,27739680,166,0,0,2,0,3,1,82,1,passed
7,27824354,2,0,0,2,0,4,2,167,2,passed
7,27831648,10,0,0,0,0,2,1,93,1,passed
7,27837281,6,0,0,2,0,6,3,252,3,passed
7,27892098,0,0,0,0,0,5,1,87,1,passed
7,27893472,0,3,0,0,0,6,1,99,1,passed
7,27900292,948,0,5,6,4,59,1,1025,1,passed
7,27916878,0,1,0,0,0,1,2,21,2,passed
7,27917211,0,0,0,0,0,1,1,23,1,passed
7,27918888,6,0,0,0,0,1,2,5,2,passed
7,27919099,4,0,0,0,0,1,1,7,1,passed
7,27919420,0,0,0,0,0,1,2,8,2,passed
7,27919783,0,0,0,0,0,1,1,10,1,passed
7,27920632,0,0,0,0,0,2,1,83,1,passed
7,27921156,0,0,0,0,0,2,1,85,1,passed
7,27923677,16,0,0,0,0,1,1,21,1,passed
7,27925798,16,0,0,0,0,1,1,47,1,passed
7,27928220,4,0,0,0,0,3,1,97,1,passed
7,27931607,15,0,0,0,0,1,1,132,1,passed
7,27955139,4,0,0,0,0,3,1,98,1,passed
7,27955194,15,0,0,0,0,1,1,133,1,passed
7,27994626,2,0,0,0,0,1,1,102,1,passed
7,27997753,5,0,0,0,0,2,2,145,2,passed
7,27998237,5,0,0,0,0,2,1,147,1,passed
7,28005730,3,11,0,0,0,1,1,105,1,passed
7,28006318,39,0,0,0,0,2,1,252,1,passed
7,28070393,19,0,0,0,0,2,1,216,1,passed
7,28071422,19,0,0,0,0,2,1,217,1,passed
7,28079539,0,1,0,1,0,3,1,58,1,passed
7,28080580,28,0,0,0,0,3,1,66,1,passed
7,28083200,25,0,0,0,0,3,1,76,1,passed
7,28083286,28,0,0,0,0,3,1,67,1,passed
7,28083472,28,0,0,0,0,3,1,69,1,passed
7,28084182,0,0,0,1,0,3,1,59,1,passed
7,28086924,0,0,0,0,0,1,1,3,1,passed
7,28088785,17,0,0,0,0,2,1,139,1,passed
7,28089006,17,0,0,0,0,2,1,140,1,passed
7,28093234,25,0,0,0,0,3,1,80,1,passed
7,28097446,0,0,0,1,0,3,4,112,4,passed
7,28130779,0,0,0,1,0,3,1,116,1,passed
7,28163143,0,0,0,0,0,0,1,3,1,passed
7,28189018,82,0,0,2,7,44,8,999,8,failed
7,28189481,0,0,0,0,0,1,1,63,1,passed
7,28189938,49,0,0,1,7,39,1,843,1,passed
7,28191835,10,0,0,0,0,1,1,4,1,passed
7,28249425,0,0,0,0,0,2,1,30,1,passed
7,28253364,0,0,0,0,0,2,1,31,1,passed
7,28267391,27,0,0,0,0,5,1,100,1,passed
7,28281347,5,0,0,0,0,4,1,195,1,passed
7,28318036,5,0,0,0,0,4,1,196,1,passed
7,28330919,15,0,0,1,0,3,1,180,1,passed
7,28335891,15,0,0,1,0,3,1,181,1,passed
7,28343377,23,0,0,0,0,1,1,6,1,passed
7,28359524,0,0,0,1,0,0,1,0,1,failed
7,28362571,0,0,0,0,1,0,1,1,1,passed
7,28364265,0,0,0,0,0,1,1,28,1,passed
7,28366480,6,0,0,0,0,1,1,52,1,passed
7,28367286,0,0,0,0,0,1,1,29,1,passed
7,28367303,6,0,0,0,0,1,1,53,1,passed
7,28367325,9,0,0,0,0,1,1,57,1,passed
7,28378584,0,0,0,0,0,1,1,41,1,passed
7,28378984,0,0,0,0,0,1,1,15,1,passed
7,28379339,0,2,0,0,0,2,1,56,1,passed
7,28384526,0,0,0,1,0,5,6,158,6,passed
7,28404019,15,0,0,0,0,7,3,243,3,passed
7,28408712,0,0,0,0,0,1,1,54,1,passed
7,28419481,0,0,0,0,0,1,1,55,1,passed
7,28426586,0,0,0,0,0,1,1,64,1,passed
7,28428376,0,0,0,0,0,1,1,65,1,passed
7,28440960,0,0,0,1,0,1,1,75,1,passed
7,28442757,14,0,0,2,0,6,1,265,1,passed
7,28455704,52,0,0,0,0,3,1,132,1,passed
7,28593417,62,0,0,0,0,3,1,134,1,passed
7,28642619,27,0,0,0,0,5,1,101,1,passed
7,28646270,0,0,0,0,0,0,1,5,1,passed
7,28646626,0,3,0,0,0,1,1,67,1,passed
7,28646687,0,0,0,0,0,1,1,68,1,passed
7,28693927,27,0,0,0,0,4,1,247,1,passed
7,28695143,11,0,0,0,0,2,1,129,1,failed
7,28696338,0,0,4,0,0,1,1,32,1,passed
7,28715983,34,0,4,0,0,6,1,294,1,passed
7,28716523,9,0,0,0,0,1,1,121,1,passed
7,28716893,8,0,0,0,0,1,1,72,1,passed
7,28730995,8,0,0,0,0,1,1,73,1,passed
7,28731232,8,0,0,0,0,1,1,52,1,passed
7,28748003,4,0,0,0,0,1,1,61,1,passed
7,28797886,0,0,0,0,0,1,2,32,2,passed
7,28799789,0,0,0,0,0,3,1,121,1,passed
7,28803595,0,0,0,0,0,6,1,166,1,passed
7,28809670,0,0,0,0,0,1,1,34,1,passed
7,28809692,0,0,0,0,0,9,1,241,1,passed
7,28815910,10,1,0,0,0,1,1,60,1,passed
7,28824140,0,0,0,0,0,2,1,80,1,passed
7,28829209,1,0,0,0,0,1,1,61,1,passed
7,28869889,0,0,0,0,0,2,1,81,1,passed
7,28869907,11,0,0,0,0,1,1,62,1,passed
7,28884582,91,0,4,0,0,21,1,845,1,passed
7,28886285,0,0,0,0,0,1,1,16,1,passed
7,28904896,5,0,0,0,0,2,1,170,1,passed
7,28906938,2,0,0,0,0,1,1,13,1,passed
7,28972557,0,0,0,1,0,1,1,7,1,passed
7,28972574,7,0,0,0,0,3,1,182,1,passed
7,29215360,2,0,0,0,0,1,1,80,1,passed
7,29216383,2,0,0,0,0,1,1,81,1,passed
7,29243765,476,0,0,0,0,1,2,8,2,passed
7,29273439,0,0,0,0,0,1,1,15,1,passed
7,29285417,474,0,0,0,0,1,1,10,1,passed
7,29368577,0,0,0,0,0,1,1,25,1,passed
7,29727198,677,0,4,4,0,41,1,1321,1,passed
7,29729547,0,1,0,1,0,5,1,171,1,passed
7,29855985,0,0,0,0,0,1,1,42,1,passed
7,30065859,0,0,0,0,0,1,2,61,2,passed
7,30090732,0,0,0,0,0,1,1,63,1,passed
7,30874724,0,0,0,0,0,2,1,129,1,passed
7,30878538,0,0,0,0,0,2,1,130,1,passed
7,30895259,0,0,0,0,0,2,1,131,1,passed
7,30895340,0,0,0,0,0,2,1,132,1,passed
7,31191261,20,0,0,0,0,1,1,3,1,passed
7,31463426,95,0,0,8,0,3,1,334,1,passed
7,31509882,5,0,0,1,0,2,1,77,1,passed
7,31515597,2,0,43,0,0,3,2,28,2,passed
7,31524146,2,0,0,0,0,1,1,55,1,passed
7,31551136,6,0,0,1,0,4,1,2,1,passed
7,31551351,104,0,0,10,0,4,1,393,1,passed
7,31577638,5,0,0,1,1,2,1,3,1,passed
7,31582301,2,0,0,0,0,2,1,5,1,passed
7,31668164,31,0,0,1,0,9,1,171,1,passed
7,32272482,5,0,0,0,0,1,1,19,1,passed
7,32286385,5,0,0,0,0,1,1,20,1,passed
7,32391208,59,0,0,0,0,4,1,319,1,failed
7,32590795,31,0,0,0,0,11,6,295,6,passed
7,32597727,27,0,0,0,0,11,1,301,1,passed
7,32692234,79,0,0,0,0,3,1,222,1,failed
7,32693109,0,0,8,0,0,1,1,36,1,passed
7,32725678,3,1,0,0,0,1,1,87,1,passed
7,32745474,0,0,27,1,0,2,1,26,1,failed
7,32746070,2,0,0,0,0,1,1,69,1,passed
7,32746220,0,0,4,0,0,1,1,7,1,passed
7,32753953,2,0,0,0,0,1,1,70,1,passed
7,32753960,3,0,31,1,0,4,1,113,1,passed
7,32755032,92,0,8,0,0,5,1,337,1,passed
7,32791333,276,0,0,0,1,0,1,28,1,passed
7,33210227,108,0,0,0,0,2,1,244,1,passed
7,33212053,4,0,0,0,0,2,2,81,2,passed
7,33343636,2,0,0,0,0,1,1,32,1,passed
7,33827075,5,0,0,0,0,1,1,4,1,passed
7,33828277,5,0,0,0,0,1,1,5,1,passed
7,34420711,2,0,0,0,0,1,1,234,1,passed
7,34980706,12,0,0,0,0,3,2,98,2,failed
7,34981009,2,0,0,0,0,1,1,61,1,failed
7,34982021,4,0,7,0,0,2,1,13,1,passed
7,36077524,2,1,0,0,0,4,2,269,2,passed
7,36325874,8,1,0,0,0,4,1,169,1,passed
7,36443640,10,0,0,0,0,4,1,269,1,passed
7,36593233,0,0,0,0,0,1,1,15,1,passed
7,36595051,0,0,0,0,0,1,1,16,1,passed
7,36633424,7,0,0,0,0,3,1,353,1,passed
7,36634181,0,0,0,0,0,1,1,73,1,passed
7,36667448,3,1,0,0,0,2,1,99,1,passed
7,36737174,79,0,0,0,0,4,1,452,1,passed
7,36831088,4,3,0,0,0,1,1,192,1,passed
7,36930128,2,2,0,0,0,1,1,10,1,passed
7,36933856,0,0,29,0,0,1,1,25,1,passed
7,37562162,54,1,0,0,1,2,1,320,1,passed
7,38045446,2,0,0,0,0,2,1,168,1,passed
7,38187015,0,0,0,0,0,1,1,69,1,passed
7,38546363,77,0,0,0,0,3,1,169,1,passed
7,38563548,0,0,0,0,0,2,1,28,1,passed
7,38567578,2,0,0,0,0,1,1,76,1,passed
7,38654621,8,0,0,0,0,1,1,28,1,passed
7,38655500,8,0,0,0,0,1,1,29,1,passed
7,38668572,0,0,8,0,0,1,1,42,1,passed
7,38716505,2,0,0,0,0,1,1,91,1,passed
7,38776579,12,0,0,0,0,1,1,148,1,passed
7,38778694,15,0,0,1,0,1,1,64,1,passed
7,39044295,0,0,0,1,0,0,1,0,1,passed
7,39044707,0,0,0,0,0,0,1,0,1,passed
7,39049845,0,0,0,0,0,1,1,1,1,passed
7,39050397,0,0,0,0,0,1,1,2,1,passed
7,39050600,0,0,0,0,0,1,1,3,1,passed
7,39051428,0,0,0,0,0,1,1,4,1,passed
7,39051838,0,0,0,0,0,1,1,5,1,passed
7,39056305,0,0,0,0,0,1,1,6,1,passed
7,39107486,0,0,0,0,0,1,1,7,1,passed
7,39115129,7,0,0,2,0,1,1,8,1,passed
7,39326743,0,0,0,0,0,1,1,55,1,passed
7,39328222,0,0,0,0,0,1,1,56,1,passed
7,39341245,0,0,0,0,0,1,1,9,1,passed
7,39341772,0,0,0,0,0,14,1,288,1,passed
7,39342503,0,0,0,0,0,14,1,289,1,passed
7,39343088,0,0,0,0,0,1,1,11,1,passed
7,39344162,13,0,0,0,0,3,1,401,1,passed
7,39345133,12,0,0,0,0,2,2,331,2,passed
7,39345654,6,3,0,0,0,2,1,333,1,passed
7,39437464,2,0,0,0,0,1,1,17,1,passed
7,39557155,0,0,0,0,0,2,1,159,1,passed
7,39557512,0,0,0,0,0,2,1,160,1,passed
7,39559672,77,0,0,0,0,3,1,170,1,passed
7,39718325,50,0,0,0,0,1,1,279,1,passed
7,39794384,0,0,0,0,0,1,1,12,1,passed
7,39795411,0,0,0,0,0,1,1,13,1,passed
7,39797716,0,0,0,0,0,1,1,14,1,passed
7,39798856,0,0,0,0,0,1,1,15,1,passed
7,39802324,0,0,0,0,0,1,1,16,1,passed
7,39806590,0,0,0,0,0,1,1,17,1,passed
7,40336267,8,0,0,0,0,3,1,367,1,passed
7,40414988,4,0,0,0,0,2,1,339,1,passed
7,40425892,8,1,0,0,0,3,1,381,1,passed
8,41670444,2,0,0,0,0,1,1,77,1,passed
8,42270702,36,0,0,1,0,1,1,3,1,passed
8,42271498,36,0,0,1,0,1,1,4,1,passed
8,43936823,0,1,0,0,0,5,1,120,1,passed
8,44166894,14,0,0,0,0,1,1,126,1,failed
8,44170133,36,0,0,0,0,1,1,1,1,failed
8,44289200,14,0,10,0,0,2,1,148,1,failed
8,44525393,2,0,0,0,0,1,1,12,1,passed
8,44535012,2,0,0,0,0,1,1,13,1,passed
8,44712243,174,0,0,0,0,2,1,360,1,passed
8,44757774,2,0,0,0,0,1,1,78,1,passed
8,44865899,4,3,0,0,0,1,1,91,1,passed
8,44868109,2,0,0,0,0,1,1,92,1,passed
8,44905084,2,0,0,0,0,1,1,73,1,passed
8,44905318,0,0,0,0,0,1,1,19,1,passed
8,44960754,16,0,0,0,0,7,7,311,7,passed
8,44963668,16,0,0,0,0,7,1,318,1,passed
8,44989124,2,0,0,0,0,1,1,79,1,passed
8,45787997,13,0,0,0,0,9,10,511,10,passed
8,45863936,7,0,0,1,0,12,6,310,6,passed
8,45883495,430,0,0,7,69,41,8,649,8,passed
8,46509083,76,0,0,1,0,36,9,662,9,passed
8,46635467,6,2,0,0,0,3,2,242,2,passed
8,46641199,0,0,0,0,0,5,1,162,1,passed
8,46646436,6,0,0,0,0,3,1,244,1,passed
8,46663950,31,0,0,1,0,16,2,215,2,passed
8,46664847,0,0,0,0,0,2,2,122,2,passed
8,46666370,0,0,0,0,0,2,1,124,1,passed
8,46777576,6,0,0,0,0,6,2,423,2,passed
8,46779398,13,0,0,0,0,9,1,521,1,passed
8,46780715,542,0,0,9,68,96,1,1314,1,passed
8,48129002,0,0,0,0,0,1,1,5,1,passed
8,48190900,2,0,0,0,0,1,1,80,1,passed
8,48200911,0,0,0,4,21,5,3,136,3,passed
8,48393258,6,0,0,0,0,1,1,152,1,passed
8,49387222,16,0,0,0,0,1,1,101,1,passed
8,49486125,14,0,0,0,0,1,1,103,1,passed
8,49489072,6,0,0,0,0,1,1,164,1,failed
8,49489719,2,0,0,0,0,1,1,165,1,passed
8,49491091,6,0,0,0,0,1,1,166,1,passed
8,49494679,13,1,0,0,0,1,1,295,1,passed
8,49494909,2,0,0,0,0,1,1,81,1,passed
8,49503049,0,0,0,4,21,5,1,139,1,passed
8,49517338,0,0,0,4,21,5,1,140,1,failed
8,49522809,35,0,0,0,0,5,1,254,1,passed
8,49544686,605,0,0,13,89,109,2,1697,2,passed
8,51291564,11,0,0,0,0,1,1,3,1,passed
8,51793772,68,0,0,6,0,6,1,343,1,passed
8,51794089,5,0,0,0,0,1,1,14,1,passed
8,51794260,2,0,0,0,0,1,1,83,1,passed
8,51888368,2,0,0,0,0,4,1,134,1,passed
8,52214222,8,0,0,0,0,3,2,175,2,passed
8,52216308,8,0,0,0,0,3,1,177,1,passed
8,54778737,159,0,0,0,0,2,1,353,1,passed
8,55151888,2,0,0,0,0,1,1,37,1,passed
8,55446049,1,0,0,0,0,1,1,38,1,passed
8,55719683,1264,0,0,0,0,226,1,2615,1,passed
8,56483772,26,0,0,0,0,2,1,182,1,passed
8,56497521,0,0,38,2,0,1,1,45,1,passed
8,56778292,98,0,0,0,0,20,1,197,1,passed
8,56809185,8,0,0,0,0,1,2,33,2,passed
8,56813483,0,0,0,0,0,1,1,55,1,failed
8,56814276,4,0,0,0,0,1,1,35,1,passed
8,56816851,135,0,0,0,0,3,3,91,3,passed
8,56817629,219,0,0,0,0,3,2,359,2,passed
8,56927332,352,0,0,0,0,6,1,431,1,passed
8,57196735,8,0,0,0,0,2,1,169,1,passed
8,57197346,2,0,0,0,0,1,1,157,1,passed
8,57415467,0,0,0,0,0,7,1,225,1,passed
8,57417486,12,0,0,1,0,2,1,210,1,passed
8,57417557,0,0,0,0,0,7,1,226,1,passed
8,57435416,15,3,0,0,1,3,2,243,2,failed
8,57440947,4,0,0,0,0,1,1,39,1,passed
8,57528714,19,0,0,0,0,1,1,7,1,passed
8,57687038,131,2,0,0,1,3,1,428,1,failed
8,57735295,13,0,0,1,0,2,1,237,1,failed
8,57988499,89,0,0,0,0,5,5,163,5,failed
8,57998165,144,0,0,1,1,5,2,599,2,passed
8,58111884,2,0,0,0,0,2,1,61,1,passed
8,59045520,0,0,0,0,0,1,1,13,1,passed
8,59045903,8,0,0,0,0,2,1,359,1,failed
8,59048552,2,0,0,0,0,1,1,305,1,passed
8,59048665,112,0,0,0,0,4,1,431,1,passed
8,60039820,112,0,0,0,0,4,1,433,1,passed
8,60040879,61,0,0,0,0,5,1,169,1,passed
8,61385783,2562,0,0,0,29,4,1,596,1,passed
8,61393837,7,0,0,0,0,2,1,30,1,passed
8,61537459,83,0,0,0,0,3,1,383,1,passed
9,61667722,0,0,0,0,0,3,1,96,1,passed
9,61840180,48,0,0,1,0,5,3,280,3,passed
9,62323524,7,0,0,1,0,1,1,157,1,passed
9,62503770,2,0,0,0,0,1,1,9,1,passed
9,69495811,68,0,0,0,0,2,1,370,1,passed
9,74173775,12,0,0,0,0,1,1,107,1,passed
9,74255708,28,0,0,0,0,1,1,80,1,failed
9,75023778,2,0,0,0,0,1,1,82,1,passed
9,75356754,0,0,0,0,0,1,1,4,1,passed
9,75477313,1,0,0,0,0,1,1,11,1,passed
9,76208310,0,0,0,0,0,2,1,124,1,passed
9,76572445,23,0,0,0,0,4,1,39,1,passed
9,76702657,6,0,0,0,0,3,1,192,1,passed
9,76704222,185,0,0,2,1,1,1,48,1,passed
9,76714375,28,0,0,0,0,5,1,231,1,passed
9,76715650,2,0,0,0,0,1,1,316,1,passed
9,76716406,27,0,0,1,0,4,1,323,1,passed
9,76796893,11,0,6,0,0,4,2,135,2,passed
9,76797678,11,0,6,0,0,4,1,137,1,passed
9,76899021,4,0,0,0,0,1,1,77,1,passed
9,76917785,34,0,0,0,0,1,1,317,1,passed
9,79359828,9,0,0,0,0,1,1,101,1,passed
9,79587885,2,0,0,0,0,1,1,102,1,passed
9,79604669,4,0,0,0,0,1,1,79,1,passed
9,79714357,9,0,0,0,0,1,1,103,1,passed
9,79772597,2,0,0,0,0,1,1,318,1,passed
9,79772674,20,0,0,0,0,1,1,11,1,passed
9,79772880,4,0,0,0,0,1,1,84,1,passed
9,79774875,178,0,0,1,0,0,1,11,1,passed
9,79777644,2,0,0,0,0,1,1,319,1,passed
9,79908080,0,0,0,0,0,0,1,44,1,passed
9,79910252,0,0,0,0,0,1,1,58,1,passed
9,79951227,0,0,0,0,0,1,1,11,1,passed
9,79959043,2,0,0,0,0,1,1,105,1,passed
9,79988916,2,0,0,0,0,1,1,40,1,passed
9,80060647,2,0,0,0,0,1,1,104,1,passed
9,80063181,20,0,0,0,0,2,1,225,1,passed
9,80533718,9,0,0,0,0,2,1,375,1,passed
9,80552718,16,1,0,0,0,4,1,344,1,failed
9,81075150,144,0,0,0,0,15,1,653,1,failed
9,81282347,3,0,0,0,0,1,1,172,1,passed
9,83383765,2,0,0,1,0,1,1,20,1,passed
9,83736766,2,0,0,1,0,1,1,21,1,passed
9,83794942,6,0,0,0,0,1,1,321,1,failed
9,83804617,16,0,0,0,0,2,1,239,1,passed
9,85450237,34,0,0,0,6,33,1,1023,1,failed
9,85644596,21,0,0,0,0,3,4,159,4,passed
9,85844600,17,0,0,0,0,2,1,128,1,passed
9,86310920,0,0,0,0,0,2,1,51,1,failed
9,86717915,392,0,0,1,2,2,1,28,1,failed
10,86940356,10,0,0,0,0,1,1,19,1,passed
10,87076279,2,0,0,0,0,1,1,177,1,passed
10,87104429,4,0,0,0,0,3,2,172,2,passed
10,87142087,0,0,0,0,0,1,1,5,1,passed
10,87142106,4,0,0,0,0,3,1,174,1,passed
10,87735601,0,0,0,0,0,1,1,61,1,passed
10,87743272,0,0,0,0,0,1,1,62,1,failed
10,88018585,6,0,0,0,0,1,1,28,1,failed
10,88217120,3,0,0,0,0,1,1,179,1,passed
10,88282169,25,0,0,0,0,2,1,115,1,passed
10,88421850,6,2,0,0,0,1,1,87,1,passed
10,88460969,12,0,0,0,0,1,1,324,1,failed
10,88464141,2,0,0,0,0,1,1,88,1,failed
10,88589883,5,0,0,0,0,1,1,325,1,passed
10,88592438,5,0,0,0,0,1,1,326,1,passed
10,88593464,2,0,0,0,0,1,1,110,1,passed
10,88898462,0,0,0,0,0,1,1,13,1,passed
10,88899636,0,0,0,0,0,1,1,63,1,passed
10,88907321,0,0,0,0,0,1,1,62,1,passed
10,88919221,0,0,0,0,0,1,1,63,1,passed
10,88919486,0,0,0,0,0,2,1,85,1,passed
10,89065748,5,0,0,0,0,3,1,201,1,passed
10,89093781,16,0,0,0,0,3,1,123,1,passed
10,92765740,0,0,0,0,0,1,1,6,1,passed
10,94071575,5,0,0,0,0,3,1,202,1,passed
10,95870306,1,0,0,0,0,1,1,61,1,passed
10,95920368,46,0,0,2,0,1,1,111,1,passed
10,96150447,17,0,0,0,0,1,1,43,1,passed
10,96201647,12,0,0,4,0,4,1,188,1,passed
10,96201654,17,0,0,0,0,1,1,44,1,passed
10,96320022,5,0,0,0,0,3,1,251,1,passed
10,96383869,2,0,0,0,0,1,1,76,1,passed
10,96384053,20,0,0,0,0,2,1,31,1,passed
10,96392509,2,0,0,0,0,1,1,77,1,passed
10,96675880,5,0,0,0,0,3,1,252,1,passed
10,96889045,7,0,0,0,0,2,1,124,1,passed
10,97255657,8,0,0,0,0,2,1,38,1,passed
10,97258749,6,0,0,0,0,1,1,327,1,passed
10,97266828,8,0,0,0,0,2,1,39,1,passed
10,97290406,0,0,0,0,0,1,1,44,1,passed
10,97290711,2,0,0,0,0,1,1,89,1,passed
10,97313066,71,0,11,0,0,7,1,372,1,passed
10,97358010,0,0,0,0,0,1,1,65,1,passed
10,97714100,2,0,0,0,0,1,1,3,1,passed
10,98616544,0,0,0,0,0,1,1,27,1,passed
10,98813535,27,0,0,0,0,2,2,385,2,failed
10,99000224,36,0,0,0,0,3,1,436,1,passed
10,99003328,2,0,0,0,0,1,1,41,1,passed
10,99199326,0,0,0,0,0,1,1,65,1,passed
10,104995422,1,3,0,0,0,2,1,78,1,passed
10,105057228,0,0,0,0,0,1,1,67,1,passed
10,105057348,1,0,0,0,0,2,1,79,1,passed
10,105772967,6,0,0,0,0,2,1,391,1,passed
10,106571005,0,0,0,0,0,2,1,136,1,passed
10,106658018,0,0,0,0,0,1,1,37,1,passed
10,106812229,36,0,0,0,0,3,3,54,3,passed
10,107677038,397,0,30,0,1,17,1,744,1,passed
10,113187848,397,0,30,0,1,18,1,767,1,passed
10,114608060,20,0,0,0,0,3,1,57,1,passed
10,115226793,6,0,0,0,0,4,2,211,2,passed
10,116274929,1,0,0,0,0,1,1,23,1,passed
10,117625357,47,0,0,0,0,3,1,85,1,passed
10,119114375,48,0,0,0,0,2,4,10,4,passed
10,120797260,0,0,0,0,0,1,1,17,1,passed
10,120797907,22,0,0,0,0,2,1,14,1,passed
10,121507349,6,0,0,0,0,1,1,338,1,passed
